"","Gene 1","Gene 2","Gene 3","Gene 4","Gene 5","Gene 6","Gene 7","Gene 8","Gene 9","Gene 10","Gene 11","Gene 12","Gene 13","Gene 14","Gene 15","Gene 16","Gene 17","Gene 18","Gene 19","Gene 20","Gene 21","Gene 22","Gene 23","Gene 24","Gene 25","Gene 26","Gene 27","Gene 28","Gene 29","Gene 30","Gene 31","Gene 32","Gene 33","Gene 34","Gene 35","Gene 36","Gene 37","Gene 38","Gene 39","Gene 40","Gene 41","Gene 42","Gene 43","Gene 44","Gene 45","Gene 46","Gene 47","Gene 48","Gene 49","Gene 50","Gene 51","Gene 52","Gene 53","Gene 54","Gene 55","Gene 56","Gene 57","Gene 58","Gene 59","Gene 60","Gene 61","Gene 62","Gene 63","Gene 64","Gene 65","Gene 66","Gene 67","Gene 68","Gene 69","Gene 70","Gene 71","Gene 72","Gene 73","Gene 74","Gene 75","Gene 76","Gene 77","Gene 78","Gene 79","Gene 80","Gene 81","Gene 82","Gene 83","Gene 84","Gene 85","Gene 86","Gene 87","Gene 88","Gene 89","Gene 90","Gene 91","Gene 92","Gene 93","Gene 94","Gene 95","Gene 96","Gene 97","Gene 98","Gene 99","Gene 100","Gene 101","Gene 102","Gene 103","Gene 104","Gene 105","Gene 106","Gene 107","Gene 108","Gene 109","Gene 110","Gene 111","Gene 112","Gene 113","Gene 114","Gene 115","Gene 116","Gene 117","Gene 118","Gene 119","Gene 120","Gene 121","Gene 122","Gene 123","Gene 124","Gene 125","Gene 126","Gene 127","Gene 128","Gene 129","Gene 130","Gene 131","Gene 132","Gene 133","Gene 134","Gene 135","Gene 136","Gene 137","Gene 138","Gene 139","Gene 140","Gene 141","Gene 142","Gene 143","Gene 144","Gene 145","Gene 146","Gene 147","Gene 148","Gene 149","Gene 150","Gene 151","Gene 152","Gene 153","Gene 154","Gene 155","Gene 156","Gene 157","Gene 158","Gene 159","Gene 160","Gene 161","Gene 162","Gene 163","Gene 164","Gene 165","Gene 166","Gene 167","Gene 168","Gene 169","Gene 170","Gene 171","Gene 172","Gene 173","Gene 174","Gene 175","Gene 176","Gene 177","Gene 178","Gene 179","Gene 180","Gene 181","Gene 182","Gene 183","Gene 184","Gene 185","Gene 186","Gene 187","Gene 188","Gene 189","Gene 190","Gene 191","Gene 192","Gene 193","Gene 194","Gene 195","Gene 196","Gene 197","Gene 198","Gene 199","Gene 200"
"Gene 1",0,-1,1,0,0,1,0,0,-1,0,0,0,0,0,0,0,0,0,0,0,0,0,0,0,0,1,0,0,0,0,1,0,0,0,0,1,-1,0,0,0,-1,0,0,0,0,0,0,0,0,0,0,-1,0,0,0,0,-1,0,0,0,0,-1,-1,1,0,0,0,1,0,0,1,0,0,0,0,-1,0,0,0,0,0,0,-1,0,0,0,-1,0,1,0,-1,0,0,0,1,0,0,0,0,0,0,0,0,0,0,1,0,0,0,0,-1,0,1,1,0,0,0,0,0,0,1,0,0,1,-1,0,0,0,0,0,0,0,0,-1,0,0,1,0,0,0,0,0,0,0,0,-1,0,1,0,0,0,0,-1,0,0,0,-1,-1,0,-1,0,0,-1,0,-1,0,-1,0,0,0,0,-1,0,1,1,-1,0,0,0,0,0,0,0,0,0,0,0,0,-1,0,-1,0,-1,-1,0,0,0,0,1,-1
"Gene 2",-1,0,0,0,0,0,0,0,1,0,0,0,0,-1,0,0,0,0,-1,0,1,0,-1,0,0,0,1,0,0,0,0,0,0,0,0,0,0,1,0,0,-1,0,0,0,0,0,1,0,0,0,0,0,0,0,0,0,0,0,0,-1,-1,0,0,0,0,0,0,1,-1,0,1,0,0,0,0,0,1,0,0,0,1,-1,0,1,-1,0,0,0,0,0,0,0,0,0,0,0,-1,0,0,0,0,0,0,0,-1,0,0,0,0,0,-1,0,-1,0,0,0,0,0,0,0,0,0,0,-1,0,0,0,0,-1,0,0,0,0,0,1,0,0,0,0,0,0,0,0,0,0,0,0,0,0,0,0,0,0,0,0,0,0,0,0,0,0,1,0,0,0,-1,0,0,0,0,0,0,0,0,0,1,0,0,0,0,0,0,0,0,0,1,0,0,0,0,1,0,0,0,1,0,0,0,-1,0
"Gene 3",1,0,0,0,0,0,0,0,0,0,0,1,0,0,0,0,0,0,0,1,-1,0,0,1,-1,0,0,0,1,0,0,0,-1,0,0,0,0,0,0,0,0,0,0,0,0,0,0,-1,0,0,0,0,0,0,0,0,0,-1,0,1,0,0,0,0,-1,0,-1,0,0,0,-1,0,-1,0,0,0,1,-1,0,0,0,0,0,0,0,0,0,-1,1,0,0,0,0,0,1,0,1,0,0,0,0,0,0,0,0,1,0,0,0,0,0,1,-1,0,0,0,-1,0,0,0,0,0,0,0,0,0,0,0,0,0,0,0,0,0,0,1,0,0,-1,0,0,0,0,1,0,-1,-1,0,0,1,0,0,0,-1,0,0,0,0,0,1,0,1,0,0,0,0,0,0,0,0,0,-1,-1,0,0,0,0,1,0,0,0,0,0,0,0,0,0,0,0,0,0,0,0,0,1,0,0,0,0,0
"Gene 4",0,0,0,0,0,0,0,0,0,0,1,0,0,0,0,0,0,0,0,0,0,0,0,0,0,0,0,0,0,0,0,0,0,0,0,0,0,0,1,0,0,0,0,0,-1,0,0,0,0,0,0,0,0,-1,0,0,0,0,0,0,0,0,0,0,0,0,0,0,0,0,0,0,0,0,0,1,0,0,1,1,-1,0,0,0,0,0,0,0,0,1,0,0,0,0,0,0,0,0,-1,0,0,0,0,0,0,0,0,0,0,0,0,1,0,0,0,0,0,0,0,0,0,0,0,0,0,0,0,0,0,0,1,1,0,0,0,0,0,-1,0,0,0,0,0,0,0,0,0,0,0,0,0,0,0,0,0,0,0,0,0,0,0,0,0,0,0,0,0,0,0,1,0,0,0,0,0,1,0,0,-1,0,0,0,1,0,0,0,0,0,1,0,0,-1,0,0,1,-1,0,0,0,0
"Gene 5",0,0,0,0,0,0,0,0,0,0,0,0,0,0,0,-1,-1,0,0,0,0,0,0,0,1,0,-1,0,0,0,-1,0,0,0,-1,0,-1,0,0,0,0,1,0,0,0,0,-1,0,0,0,-1,-1,0,0,0,0,-1,0,0,0,0,1,-1,0,0,0,0,-1,0,-1,0,0,1,1,0,0,0,0,0,0,0,0,0,0,0,0,0,0,0,1,0,0,1,0,0,0,0,0,0,-1,0,0,0,0,0,0,0,0,0,0,0,0,1,0,0,1,0,0,0,1,0,0,0,0,0,0,1,-1,0,1,0,0,0,0,0,0,0,0,-1,0,0,0,0,1,1,0,0,0,1,0,0,-1,0,0,0,0,0,-1,0,0,0,0,0,0,0,0,0,1,0,0,0,1,0,0,-1,0,0,0,0,0,0,0,0,0,-1,1,0,0,0,-1,0,0,0,0,0,0,0,1,-1,0
"Gene 6",1,0,0,0,0,0,0,0,0,-1,0,0,0,0,0,-1,0,0,0,0,0,0,0,0,0,0,0,0,0,0,0,0,-1,0,0,-1,1,0,0,0,1,0,0,0,0,0,-1,0,0,0,0,0,0,0,0,0,0,0,0,-1,0,0,0,1,-1,0,1,-1,-1,0,0,1,0,0,-1,0,1,0,0,0,1,0,0,1,0,0,0,0,0,0,0,0,1,0,0,0,0,0,0,0,0,1,0,0,0,0,0,0,1,0,-1,1,0,0,-1,-1,0,0,0,0,0,-1,0,0,1,0,0,-1,0,0,0,-1,-1,0,0,0,0,-1,0,0,-1,-1,0,0,0,0,0,0,0,0,0,0,0,0,0,0,0,1,-1,-1,1,-1,-1,0,0,0,1,0,0,0,-1,1,0,0,0,-1,0,0,0,1,1,0,0,0,0,0,0,0,0,0,1,0,0,0,0,0,0,0,1,0
"Gene 7",0,0,0,0,0,0,0,1,1,1,0,0,0,0,-1,0,0,0,0,0,0,0,0,1,0,0,0,0,0,0,0,0,0,0,0,0,1,0,0,0,0,0,0,0,0,0,-1,-1,0,1,-1,0,0,0,0,0,0,0,0,0,0,0,0,0,1,0,0,0,0,-1,0,0,0,0,0,0,0,1,0,0,0,-1,-1,0,0,0,1,0,0,0,0,0,0,-1,0,0,0,0,1,0,0,1,0,0,0,0,0,0,-1,0,0,-1,0,0,0,0,0,0,0,0,1,0,0,1,0,0,0,-1,0,0,0,0,0,0,-1,0,0,0,0,0,0,0,1,0,1,-1,0,-1,0,0,0,0,0,0,-1,1,0,0,0,0,0,0,0,0,0,0,0,0,0,-1,0,0,-1,0,0,0,0,0,0,1,0,0,0,0,0,0,0,0,0,0,0,0,0,0,0,0,0,0,0,0
"Gene 8",0,0,0,0,0,0,1,0,0,-1,0,0,0,0,0,1,-1,0,0,0,0,0,0,0,0,0,0,0,0,0,0,0,0,0,0,0,0,1,-1,0,-1,0,0,0,-1,0,0,0,0,0,-1,0,0,0,1,1,0,0,0,0,0,0,0,0,0,0,1,0,0,0,0,0,0,0,0,0,-1,0,0,0,0,1,1,0,1,0,0,0,0,0,1,1,0,0,1,1,0,0,0,0,1,0,0,0,-1,0,0,0,-1,0,0,-1,0,-1,0,-1,0,0,0,0,-1,0,0,1,1,0,0,0,0,1,0,0,0,-1,0,0,0,-1,0,0,-1,0,0,0,1,0,0,0,0,1,-1,1,0,0,1,0,0,0,0,0,0,0,-1,1,0,0,0,0,1,0,0,1,0,0,0,0,-1,0,1,0,0,0,-1,1,0,1,-1,-1,0,0,0,0,0,1,0,1,0,0,1,1
"Gene 9",-1,1,0,0,0,0,1,0,0,0,0,0,0,0,0,0,0,0,0,0,0,-1,1,0,0,0,0,0,0,0,-1,0,0,0,0,0,1,0,0,1,0,0,0,0,-1,-1,1,0,0,0,0,0,0,0,0,0,0,0,0,0,-1,0,0,0,0,0,-1,0,0,0,1,0,0,0,0,0,-1,-1,0,0,0,0,0,0,0,0,0,0,1,0,0,0,0,0,0,0,0,0,0,0,-1,0,1,0,0,-1,-1,0,1,0,0,0,0,0,0,-1,0,1,0,0,0,0,0,1,1,0,0,0,-1,0,0,0,0,0,0,0,-1,-1,-1,0,1,0,0,0,0,0,0,0,0,0,0,0,0,0,0,1,0,0,0,0,0,0,0,1,0,-1,0,-1,-1,0,0,0,0,0,0,0,0,0,0,0,0,0,1,0,0,1,0,0,0,0,0,0,0,0,0,-1,0,0,0,0
"Gene 10",0,0,0,0,0,-1,1,-1,0,0,-1,0,0,0,0,0,0,0,0,0,0,0,0,-1,0,0,0,0,0,0,0,1,0,0,0,0,0,0,-1,0,0,0,0,1,1,0,1,0,1,0,0,0,0,0,0,0,0,0,-1,0,1,-1,0,0,0,0,0,0,0,0,-1,1,0,0,0,1,0,1,0,0,0,0,0,0,1,0,0,0,-1,0,0,0,0,0,0,1,1,0,0,0,0,0,-1,0,0,0,-1,0,0,0,1,0,0,0,0,0,0,-1,1,0,0,0,0,-1,0,0,0,0,1,-1,0,0,0,-1,-1,0,0,0,0,0,0,0,0,0,-1,0,0,0,-1,0,0,-1,1,0,0,0,-1,0,0,0,0,-1,0,0,0,0,0,0,1,0,0,-1,-1,0,0,0,0,0,0,0,0,0,0,0,-1,0,0,0,0,0,0,0,-1,0,-1,0,1,0,-1,1
"Gene 11",0,0,0,1,0,0,0,0,0,-1,0,0,0,0,0,0,0,0,0,0,0,0,0,0,0,0,0,0,0,-1,0,0,0,1,0,0,0,0,0,0,0,0,0,0,1,0,0,0,0,0,0,0,-1,0,0,0,0,-1,0,-1,0,0,-1,0,0,0,0,0,0,0,0,0,0,0,0,0,0,0,-1,0,0,0,0,-1,0,0,0,1,-1,0,0,0,-1,0,1,0,0,0,1,0,0,0,0,0,0,0,0,-1,0,0,-1,0,0,0,0,0,0,0,-1,-1,0,0,1,0,0,0,0,0,0,0,0,1,0,0,0,-1,1,0,0,0,0,0,-1,0,0,0,-1,0,1,-1,0,0,-1,0,0,0,1,0,0,0,0,0,0,0,0,0,0,0,0,1,0,0,1,0,0,0,0,0,0,0,0,-1,0,0,0,-1,0,0,0,0,0,0,0,1,0,0,1,0,0,0
"Gene 12",0,0,1,0,0,0,0,0,0,0,0,0,0,0,0,0,0,0,0,1,1,-1,0,0,0,0,0,0,0,1,-1,0,0,0,0,-1,0,0,0,0,1,0,0,0,0,0,0,0,0,0,0,0,0,0,0,0,0,-1,-1,0,0,0,0,0,0,0,0,0,0,0,0,0,0,0,0,0,0,-1,0,-1,-1,0,1,-1,0,0,0,0,0,0,1,0,-1,1,0,0,0,-1,0,0,0,0,0,0,0,0,0,0,0,0,-1,0,0,0,0,0,0,0,0,0,0,0,0,0,0,0,0,0,0,0,0,0,0,0,0,0,1,-1,0,0,0,0,0,0,1,0,0,0,0,0,0,0,0,0,0,1,0,0,0,0,0,0,0,1,0,0,-1,0,0,0,1,0,0,0,-1,0,0,0,-1,0,0,0,1,0,0,-1,0,0,0,0,0,0,0,1,-1,0,-1,0,0,0
"Gene 13",0,0,0,0,0,0,0,0,0,0,0,0,0,0,1,1,0,0,0,0,0,1,0,0,-1,1,0,0,0,-1,0,-1,1,0,0,1,0,-1,0,1,0,0,1,0,1,0,0,0,0,-1,0,0,0,0,0,0,0,-1,-1,0,0,0,0,0,0,0,0,0,0,0,0,0,0,0,0,0,-1,0,-1,0,0,0,0,0,1,0,0,1,-1,0,-1,0,0,0,0,0,0,0,0,1,0,0,-1,-1,-1,0,0,0,0,0,0,-1,0,0,0,-1,0,0,0,-1,0,0,0,0,0,0,0,0,0,0,0,0,0,0,0,-1,0,0,1,0,0,0,0,0,0,0,-1,0,0,0,0,-1,0,0,0,0,0,0,-1,0,0,0,0,0,0,0,0,1,-1,1,0,0,0,0,0,0,-1,0,0,-1,0,0,0,1,-1,1,0,0,1,0,1,1,0,0,0,0,0,0,0,0
"Gene 14",0,-1,0,0,0,0,0,0,0,0,0,0,0,0,0,0,0,0,0,-1,0,1,0,0,0,0,0,0,0,0,0,-1,0,0,0,0,0,1,1,0,0,0,0,0,0,0,0,0,0,0,-1,0,-1,0,0,0,0,0,0,0,1,1,0,1,0,1,0,0,-1,1,0,-1,0,0,1,0,0,0,0,-1,0,0,0,0,0,0,0,1,0,0,-1,0,1,0,1,0,0,0,0,0,-1,0,0,0,-1,0,-1,0,-1,0,0,0,0,0,0,-1,0,0,0,0,-1,0,-1,0,0,0,1,0,0,0,0,0,0,0,0,-1,0,-1,0,0,0,0,-1,0,0,-1,0,0,0,0,0,0,0,0,-1,0,0,1,-1,0,0,0,0,0,0,-1,0,-1,0,0,-1,0,0,0,1,0,0,0,0,1,0,1,-1,0,0,0,1,0,0,-1,0,0,-1,-1,0,0,0,0,0,0
"Gene 15",0,0,0,0,0,0,-1,0,0,0,0,0,1,0,0,0,0,0,0,-1,0,0,0,0,-1,0,0,0,0,0,0,1,0,-1,0,0,0,0,1,0,0,-1,-1,0,-1,0,0,1,1,0,0,0,-1,0,1,0,0,0,0,0,0,0,0,0,0,1,0,0,0,0,0,0,0,0,-1,0,0,0,0,0,0,0,0,0,0,-1,0,0,-1,0,0,1,0,0,0,0,0,0,-1,0,0,0,1,0,0,0,1,1,0,0,-1,0,1,0,0,0,0,0,0,0,0,0,0,0,0,0,0,-1,0,0,0,-1,1,0,1,0,0,1,0,0,0,0,0,0,0,0,0,0,-1,0,0,0,0,0,0,0,0,1,-1,0,1,0,0,0,0,0,0,0,0,0,0,1,0,0,0,0,0,1,-1,0,0,0,1,0,0,1,-1,0,0,0,0,-1,-1,0,0,0,-1,0,0,0
"Gene 16",0,0,0,0,-1,-1,0,1,0,0,0,0,1,0,0,0,0,0,0,0,0,0,0,0,0,0,0,0,0,0,0,0,0,0,0,-1,1,0,0,0,0,0,0,0,0,-1,0,0,0,0,-1,0,0,1,-1,0,0,1,0,0,0,0,0,0,0,0,0,0,0,1,0,0,1,0,0,1,0,0,-1,1,0,0,0,0,0,0,0,0,0,0,0,0,-1,1,0,0,-1,1,0,0,0,1,0,0,-1,0,0,0,0,0,0,0,0,0,1,0,0,0,0,0,1,0,-1,0,0,1,0,0,-1,0,0,0,0,0,-1,0,0,0,0,0,0,0,0,0,0,0,0,0,0,0,0,0,0,0,-1,0,0,0,1,0,0,-1,0,1,0,0,1,0,1,0,-1,0,-1,0,0,0,0,0,0,0,0,0,0,0,0,0,0,0,-1,0,-1,0,1,-1,0,1,0,0,0,0
"Gene 17",0,0,0,0,-1,0,0,-1,0,0,0,0,0,0,0,0,0,1,0,0,0,1,-1,0,0,0,0,0,0,-1,0,0,0,0,0,0,0,0,-1,0,0,0,0,0,0,0,0,0,0,-1,0,0,0,0,1,0,0,0,0,0,-1,0,1,0,0,0,0,0,0,0,0,0,0,0,1,0,0,0,1,0,0,0,-1,0,0,0,0,0,0,-1,1,0,0,0,1,-1,0,0,0,0,0,0,0,0,0,-1,0,0,0,0,0,1,0,0,1,1,0,0,-1,0,-1,1,0,0,0,0,0,0,0,1,0,0,0,-1,0,0,0,0,0,0,0,1,0,0,0,0,-1,0,0,0,0,0,-1,0,0,1,0,0,0,0,0,0,0,0,-1,0,0,1,-1,0,0,0,0,-1,0,1,0,0,0,0,0,0,0,0,0,1,0,0,0,0,0,0,1,0,0,0,0,0,0,0
"Gene 18",0,0,0,0,0,0,0,0,0,0,0,0,0,0,0,0,1,0,0,1,0,0,0,0,0,0,0,0,-1,-1,0,0,0,-1,0,1,-1,0,-1,0,1,0,0,0,0,0,0,0,-1,0,0,0,0,0,0,0,0,0,-1,1,0,-1,-1,1,0,0,-1,0,0,0,1,0,0,-1,0,0,0,0,0,0,0,0,1,0,0,0,0,0,0,0,-1,0,0,0,-1,0,0,0,0,0,0,0,0,-1,0,0,0,0,0,0,0,0,0,0,0,0,0,0,0,0,0,0,1,0,0,0,0,0,0,0,-1,-1,-1,0,0,0,0,0,1,1,0,-1,0,0,0,0,0,-1,0,0,0,-1,0,0,0,0,0,0,0,0,0,0,-1,0,0,0,0,0,0,1,0,1,0,0,0,0,0,0,1,0,1,-1,0,-1,1,1,0,0,1,0,0,0,0,0,0,0,0,-1,0,0
"Gene 19",0,-1,0,0,0,0,0,0,0,0,0,0,0,0,0,0,0,0,0,0,-1,0,0,-1,0,0,1,0,0,0,0,-1,0,-1,-1,1,0,-1,0,0,0,0,0,0,0,0,1,0,0,0,0,-1,0,0,0,0,0,1,-1,0,0,0,0,0,-1,0,0,0,0,0,0,0,0,0,0,0,1,-1,-1,0,0,0,0,0,0,0,0,0,0,0,0,0,0,-1,0,0,0,0,0,1,0,0,0,0,0,-1,0,0,0,0,0,0,1,-1,0,0,0,1,0,0,0,0,0,-1,0,0,0,0,1,0,0,-1,0,0,0,0,-1,0,0,0,0,0,0,0,0,0,1,1,0,-1,0,0,0,0,0,0,0,0,0,-1,1,0,0,0,-1,0,0,0,0,1,1,0,0,1,0,0,0,0,0,0,0,1,0,0,1,0,0,0,0,0,0,0,0,-1,1,1,0,-1,0,0
"Gene 20",0,0,1,0,0,0,0,0,0,0,0,1,0,-1,-1,0,0,1,0,0,0,0,1,1,0,0,0,0,0,0,0,-1,0,-1,0,0,0,0,0,0,0,0,0,0,-1,1,0,-1,0,0,0,-1,0,0,0,0,0,0,0,0,0,0,0,-1,0,0,0,0,0,0,0,0,0,0,0,0,1,0,0,0,0,-1,0,0,0,0,0,0,0,0,0,0,0,0,0,0,0,0,0,0,0,0,-1,1,0,0,-1,1,0,0,-1,0,-1,0,0,0,1,-1,0,0,0,0,0,0,0,0,1,0,0,0,0,0,0,0,0,0,0,0,0,0,0,0,0,-1,0,-1,-1,1,0,0,0,0,0,0,0,0,0,0,0,0,0,0,0,0,0,0,0,-1,1,0,0,-1,0,0,1,0,0,-1,0,0,0,-1,0,0,0,0,0,0,0,0,0,0,0,0,0,0,0,0,0,0
"Gene 21",0,1,-1,0,0,0,0,0,0,0,0,1,0,0,0,0,0,0,-1,0,0,0,0,-1,0,-1,0,0,1,0,0,0,0,0,-1,0,1,0,-1,0,0,0,-1,0,0,0,0,-1,0,0,0,0,0,0,0,0,0,0,0,0,0,1,1,0,0,0,0,0,0,0,0,0,0,0,0,0,0,1,-1,0,0,0,0,-1,0,1,0,-1,1,0,0,0,1,1,1,1,-1,0,1,-1,1,0,0,0,-1,0,0,0,0,0,0,0,0,1,0,0,0,0,-1,0,-1,0,0,0,0,0,0,0,0,0,0,-1,0,-1,0,0,0,-1,0,0,0,0,0,0,0,0,0,0,0,1,0,0,0,0,0,0,0,0,-1,1,0,0,0,-1,-1,0,-1,-1,0,0,1,0,0,0,0,0,-1,0,0,0,0,0,0,0,0,0,1,0,0,0,0,0,1,0,1,0,0,0,0,1
"Gene 22",0,0,0,0,0,0,0,0,-1,0,0,-1,1,1,0,0,1,0,0,0,0,0,0,-1,0,0,0,0,0,0,0,0,0,0,0,0,0,0,0,1,1,-1,0,0,0,0,0,0,0,0,0,0,-1,0,1,-1,-1,1,0,0,0,0,0,0,1,0,1,0,0,0,0,0,0,-1,0,1,0,0,0,0,0,0,-1,0,0,0,0,0,1,0,0,0,0,0,0,0,0,1,0,0,0,0,0,0,0,0,-1,0,0,0,0,1,0,0,0,0,0,0,0,1,1,0,1,0,0,0,0,0,0,0,0,0,0,-1,0,0,0,-1,0,0,0,0,1,0,0,0,0,-1,0,-1,0,0,0,1,0,0,0,0,0,0,-1,0,-1,1,0,1,0,0,0,0,0,0,0,0,0,0,0,0,0,0,1,0,0,0,0,0,0,0,-1,0,0,0,-1,0,0,0,0,0,0,0
"Gene 23",0,-1,0,0,0,0,0,0,1,0,0,0,0,0,0,0,-1,0,0,1,0,0,0,0,1,-1,0,0,0,0,0,0,-1,0,0,0,0,-1,0,0,0,0,1,1,0,0,0,0,0,-1,0,0,0,0,0,0,0,1,0,0,0,0,0,1,0,0,0,1,-1,1,0,0,0,0,-1,0,0,0,-1,0,0,0,0,0,0,0,0,0,-1,1,0,0,0,0,0,-1,0,0,0,0,0,0,0,1,0,0,0,0,0,0,0,0,-1,0,0,0,-1,0,0,0,-1,0,1,0,0,0,0,0,0,0,0,-1,0,0,0,1,0,0,0,0,0,0,0,0,0,0,0,-1,1,0,0,0,0,1,1,-1,0,-1,-1,-1,0,0,-1,0,0,0,0,0,1,0,0,0,0,0,1,0,1,0,0,0,0,0,0,0,1,0,0,1,0,0,0,0,0,0,0,0,-1,1,0,-1
"Gene 24",0,0,1,0,0,0,1,0,0,-1,0,0,0,0,0,0,0,0,-1,1,-1,-1,0,0,0,-1,0,0,0,0,0,1,0,0,0,-1,0,0,0,0,0,0,0,0,1,0,0,0,0,0,0,0,0,0,0,0,0,0,0,0,0,0,0,0,0,-1,0,0,0,0,0,0,1,0,0,0,-1,1,-1,0,1,0,-1,-1,1,-1,0,0,1,0,0,0,-1,0,0,0,-1,0,0,0,0,0,0,0,-1,0,1,-1,1,0,-1,0,0,0,0,0,0,0,-1,0,0,0,0,0,0,0,0,0,0,0,0,0,1,0,0,0,1,0,0,0,0,0,0,1,0,1,0,1,0,-1,0,0,0,1,0,0,-1,0,0,0,1,0,0,0,0,0,0,0,0,0,0,0,0,0,0,0,-1,0,0,0,0,0,0,0,0,0,0,1,0,-1,1,0,0,0,0,0,0,0,0,0
"Gene 25",0,0,-1,0,1,0,0,0,0,0,0,0,-1,0,-1,0,0,0,0,0,0,0,1,0,0,0,0,0,0,0,0,0,0,0,0,-1,0,0,0,1,0,0,0,0,0,0,1,0,0,1,0,0,-1,0,0,0,0,0,0,0,0,0,1,0,0,0,0,0,0,-1,0,-1,-1,0,0,0,0,0,1,0,0,0,0,0,0,0,0,0,0,0,0,0,0,0,0,1,0,-1,0,0,0,0,0,0,0,0,1,0,0,0,1,0,-1,0,0,0,0,0,-1,0,0,0,0,0,-1,0,0,0,0,0,0,0,1,0,0,0,-1,-1,-1,0,0,0,0,0,0,1,0,1,0,0,0,0,0,0,0,0,-1,0,1,1,0,0,0,0,0,0,1,0,0,-1,0,0,0,0,-1,0,0,0,0,0,0,1,1,0,1,0,0,0,0,0,0,0,0,0,0,0,-1,1,0,0
"Gene 26",1,0,0,0,0,0,0,0,0,0,0,0,1,0,0,0,0,0,0,0,-1,0,-1,-1,0,0,0,0,0,0,0,0,0,0,-1,0,0,-1,0,-1,0,-1,0,0,-1,-1,-1,0,0,0,0,0,0,0,0,0,0,0,0,0,0,0,0,0,0,0,0,0,0,0,0,0,0,0,0,0,0,0,0,1,0,-1,0,0,0,1,0,0,0,-1,0,0,0,0,1,0,0,0,1,0,0,0,1,0,-1,0,0,-1,-1,0,-1,0,0,0,0,1,0,0,0,0,-1,0,0,1,0,0,0,-1,0,0,0,0,0,0,0,0,0,1,0,0,0,-1,-1,0,0,0,0,1,0,0,-1,-1,0,0,0,0,0,-1,0,0,-1,0,0,0,0,0,0,0,0,0,0,0,0,0,0,0,0,0,0,0,0,0,0,0,0,0,0,1,0,0,0,-1,0,1,-1,1,0,-1,0,0
"Gene 27",0,1,0,0,-1,0,0,0,0,0,0,0,0,0,0,0,0,0,1,0,0,0,0,0,0,0,0,-1,0,0,0,0,0,0,0,0,0,0,0,0,1,0,0,0,0,0,0,-1,0,0,0,0,0,0,0,-1,0,0,0,0,0,0,0,0,0,0,1,0,0,0,1,1,0,0,-1,0,0,0,0,-1,0,0,1,0,0,0,0,0,0,0,0,1,0,0,0,-1,0,-1,0,0,1,0,0,0,0,-1,0,0,0,-1,0,0,0,0,0,0,0,0,0,0,0,0,0,0,-1,0,1,0,0,-1,0,0,0,0,1,0,-1,0,-1,0,0,0,0,0,0,1,0,0,0,0,-1,-1,0,0,0,0,0,0,0,0,1,0,0,0,0,0,0,0,0,-1,1,0,-1,0,1,0,0,0,0,-1,-1,0,0,-1,0,0,0,0,0,0,0,0,0,0,0,0,0,1,0,0
"Gene 28",0,0,0,0,0,0,0,0,0,0,0,0,0,0,0,0,0,0,0,0,0,0,0,0,0,0,-1,0,0,0,0,0,0,0,0,0,0,0,0,0,0,0,0,0,-1,0,0,0,0,1,0,1,0,0,1,-1,0,0,-1,0,1,-1,1,0,0,0,0,0,0,0,0,0,-1,0,0,-1,0,0,0,0,-1,-1,0,0,0,-1,0,0,0,0,0,0,0,-1,1,0,0,0,0,0,0,0,0,-1,0,0,0,-1,0,0,-1,0,0,0,0,0,0,1,0,0,0,0,-1,0,0,0,0,0,0,0,0,0,0,0,1,0,0,1,0,-1,1,0,0,-1,1,0,0,0,-1,0,0,0,0,1,0,-1,-1,0,0,0,0,-1,0,0,0,0,0,0,0,0,0,0,0,1,0,0,0,1,0,0,0,0,0,0,0,0,0,0,0,0,0,0,0,0,0,0,0,0,0,0
"Gene 29",0,0,1,0,0,0,0,0,0,0,0,0,0,0,0,0,0,-1,0,0,1,0,0,0,0,0,0,0,0,0,0,-1,1,0,-1,0,0,0,0,0,0,-1,0,-1,0,0,0,0,0,0,0,1,0,0,0,0,0,-1,0,1,0,0,0,0,1,0,0,0,0,0,-1,1,0,0,1,-1,0,0,1,0,0,0,0,0,0,0,0,0,0,0,0,0,0,0,0,0,0,0,0,0,1,0,0,-1,0,0,0,0,0,-1,0,0,0,0,0,-1,0,0,0,1,0,0,0,0,0,0,1,0,-1,0,0,1,1,0,1,-1,0,1,0,1,0,0,0,0,1,0,0,-1,0,0,0,0,0,0,-1,1,0,0,1,-1,0,0,1,0,0,1,0,0,0,0,-1,0,-1,0,0,0,-1,0,0,0,0,0,0,0,0,0,0,0,-1,-1,0,0,0,0,0,0,-1,0,0,0
"Gene 30",0,0,0,0,0,0,0,0,0,0,-1,1,-1,0,0,0,-1,-1,0,0,0,0,0,0,0,0,0,0,0,0,0,0,0,0,0,0,0,0,0,0,0,0,0,0,0,0,0,0,0,-1,1,-1,0,0,0,0,0,0,0,0,0,1,0,0,-1,0,-1,-1,0,0,0,0,0,0,0,-1,0,0,0,0,0,0,0,0,-1,0,0,0,0,0,0,0,0,0,0,0,0,0,0,0,0,0,0,0,0,0,0,0,0,0,0,1,0,0,0,0,0,0,1,0,1,0,-1,0,1,-1,0,0,0,0,0,0,0,0,1,-1,0,0,0,0,-1,-1,0,1,0,0,0,0,1,0,0,-1,0,0,0,0,-1,0,0,0,0,-1,0,0,0,0,0,0,0,0,-1,0,0,0,0,-1,-1,0,0,0,0,-1,-1,1,1,0,0,0,1,0,-1,0,-1,0,0,0,0,0,0,0
"Gene 31",1,0,0,0,-1,0,0,0,-1,0,0,-1,0,0,0,0,0,0,0,0,0,0,0,0,0,0,0,0,0,0,0,0,0,0,0,-1,0,1,0,0,0,1,0,0,0,1,0,0,0,1,0,0,-1,-1,0,0,0,0,0,0,0,1,0,0,0,0,1,0,0,0,-1,1,0,0,0,0,0,0,0,-1,0,0,0,0,0,0,0,0,1,0,0,0,-1,0,0,0,-1,0,0,0,0,0,0,0,0,0,1,0,0,0,1,0,0,0,0,-1,0,0,0,0,0,0,0,0,0,0,0,0,0,1,0,0,0,0,0,0,-1,0,1,0,0,0,-1,0,0,0,0,0,1,0,0,0,0,0,0,0,0,0,0,0,1,-1,0,0,0,0,1,0,0,0,0,0,0,0,0,0,0,1,0,-1,0,0,0,0,-1,-1,0,-1,0,0,1,0,0,0,0,-1,0,0,0,0
"Gene 32",0,0,0,0,0,0,0,0,0,1,0,0,-1,-1,1,0,0,0,-1,-1,0,0,0,1,0,0,0,0,-1,0,0,0,0,0,0,0,0,1,0,-1,-1,0,0,-1,0,0,0,-1,0,0,0,0,-1,0,0,1,0,0,-1,0,0,0,1,0,0,0,0,0,0,0,1,0,0,0,1,0,0,0,1,0,0,0,0,-1,0,0,0,0,0,-1,-1,-1,1,1,0,0,0,0,1,0,0,0,0,0,1,0,0,0,0,0,0,0,0,0,0,0,0,0,0,0,0,0,0,0,0,1,0,0,0,-1,0,0,-1,-1,-1,0,0,0,0,1,0,0,0,0,1,0,0,0,0,0,0,0,0,-1,1,0,0,0,0,0,0,0,0,0,0,-1,0,0,-1,0,0,0,0,0,1,0,0,0,1,-1,0,0,0,0,0,-1,-1,0,0,0,1,1,-1,1,-1,-1,0,0,0,0
"Gene 33",0,0,-1,0,0,-1,0,0,0,0,0,0,1,0,0,0,0,0,0,0,0,0,-1,0,0,0,0,0,1,0,0,0,0,0,0,0,0,1,0,0,0,0,0,0,0,0,0,1,0,1,0,0,-1,0,0,0,0,0,0,0,0,-1,-1,0,-1,-1,-1,0,1,0,0,0,0,0,0,0,0,0,0,0,0,0,0,-1,0,-1,-1,-1,0,0,0,0,-1,0,0,0,0,-1,0,0,-1,0,0,0,0,0,0,0,0,-1,0,0,0,0,1,1,0,-1,0,0,0,0,0,0,0,0,0,-1,0,1,0,0,0,0,0,0,1,0,-1,0,0,0,0,0,0,0,0,0,0,0,0,0,0,-1,0,0,0,0,0,0,0,0,0,-1,0,0,0,0,-1,0,0,-1,0,0,0,0,0,0,0,0,0,1,0,1,0,-1,0,0,0,0,0,-1,-1,0,1,0,0,0,0,0
"Gene 34",0,0,0,0,0,0,0,0,0,0,1,0,0,0,-1,0,0,-1,-1,-1,0,0,0,0,0,0,0,0,0,0,0,0,0,0,0,-1,0,0,0,0,0,0,0,0,0,0,0,-1,1,-1,-1,0,-1,0,0,0,0,0,1,0,-1,0,0,-1,0,0,-1,1,0,0,0,0,0,1,0,1,0,0,-1,0,0,0,0,1,0,0,0,0,0,0,0,-1,1,0,0,0,0,0,1,0,0,0,0,-1,0,-1,0,0,0,0,0,-1,0,0,1,0,0,0,-1,1,0,-1,0,0,0,1,0,-1,0,0,0,0,-1,0,0,0,1,0,0,0,0,0,0,0,-1,0,0,0,0,0,0,0,0,-1,0,0,0,-1,0,0,0,0,0,1,-1,0,1,0,-1,1,0,0,0,0,-1,0,0,0,0,0,0,0,0,0,0,0,0,0,1,0,0,0,0,0,0,1,0,0,0,1
"Gene 35",0,0,0,0,-1,0,0,0,0,0,0,0,0,0,0,0,0,0,-1,0,-1,0,0,0,0,-1,0,0,-1,0,0,0,0,0,0,0,0,-1,-1,0,0,0,0,0,0,-1,0,0,0,0,-1,0,-1,0,0,0,0,0,0,1,1,0,0,0,0,0,0,0,0,0,0,0,0,0,1,0,-1,0,0,0,0,0,0,0,0,0,1,0,0,0,0,0,0,0,0,1,1,0,0,0,-1,0,0,0,0,1,0,0,-1,-1,0,0,0,0,0,1,1,0,0,-1,0,1,0,0,0,0,0,0,0,0,0,0,-1,0,0,-1,0,0,0,0,0,1,-1,0,1,0,0,0,0,0,-1,0,0,0,1,0,0,0,0,0,1,0,0,0,0,0,-1,0,0,0,0,0,0,0,1,1,0,-1,0,0,0,0,-1,0,0,0,0,0,0,0,0,0,0,0,0,0,0,0,0,0
"Gene 36",1,0,0,0,0,-1,0,0,0,0,0,-1,1,0,0,-1,0,1,1,0,0,0,0,-1,-1,0,0,0,0,0,-1,0,0,-1,0,0,0,0,0,0,0,0,0,0,0,0,0,0,0,0,0,0,0,1,0,0,-1,0,0,0,0,0,0,0,0,0,0,0,0,0,0,0,1,1,0,0,0,0,0,0,0,0,0,-1,0,0,0,1,0,0,0,0,0,0,0,0,0,1,0,0,0,0,-1,-1,0,-1,0,0,0,0,1,0,0,-1,0,0,0,0,0,0,0,0,0,0,-1,0,0,0,0,-1,0,0,-1,0,0,0,0,-1,0,0,0,0,1,-1,-1,-1,0,0,0,0,0,0,0,0,0,0,0,0,0,0,0,0,0,0,0,0,-1,0,0,0,0,0,0,-1,0,0,1,0,0,0,0,-1,1,0,0,0,0,0,0,0,0,0,0,0,0,-1,0,0,0,0
"Gene 37",-1,0,0,0,-1,1,1,0,1,0,0,0,0,0,0,1,0,-1,0,0,1,0,0,0,0,0,0,0,0,0,0,0,0,0,0,0,0,0,0,0,0,0,0,0,1,0,0,0,0,1,1,1,0,0,0,0,0,0,0,0,-1,0,0,0,0,0,0,0,0,1,0,0,-1,0,-1,0,0,0,0,0,0,1,0,1,0,0,0,0,0,0,0,0,0,-1,0,0,0,0,0,0,0,0,0,0,-1,1,0,0,-1,0,0,0,0,0,0,0,0,0,0,0,0,1,0,1,0,0,0,0,0,0,0,1,0,0,0,0,0,0,0,0,0,-1,-1,0,0,0,0,-1,0,0,1,0,0,0,0,1,0,0,0,1,1,0,0,0,-1,1,0,0,0,0,0,1,0,0,0,0,-1,0,1,1,0,0,0,0,0,0,0,0,0,0,0,1,0,1,0,1,0,1,0,-1
"Gene 38",0,1,0,0,0,0,0,1,0,0,0,0,-1,1,0,0,0,0,-1,0,0,0,-1,0,0,-1,0,0,0,0,1,1,1,0,-1,0,0,0,-1,0,-1,0,0,0,1,-1,0,-1,0,0,0,0,0,0,0,0,1,0,-1,0,-1,0,0,1,0,0,0,0,0,0,0,0,-1,1,0,-1,0,-1,-1,0,0,0,0,0,1,0,-1,-1,0,0,0,-1,0,0,0,0,1,0,0,0,-1,0,0,0,0,0,0,0,0,0,0,0,0,0,1,0,-1,0,0,0,0,0,-1,0,0,0,0,-1,0,1,0,0,0,0,0,1,0,0,0,0,1,1,0,0,0,0,0,0,0,-1,0,0,1,-1,0,0,0,1,0,0,0,0,-1,0,0,0,0,0,0,0,0,0,0,0,0,1,0,1,1,1,0,0,-1,1,0,0,0,-1,0,0,0,-1,0,0,0,-1,0,0,0,0
"Gene 39",0,0,0,1,0,0,0,-1,0,-1,0,0,0,1,1,0,-1,-1,0,0,-1,0,0,0,0,0,0,0,0,0,0,0,0,0,-1,0,0,-1,0,-1,0,-1,0,0,0,0,0,0,0,-1,0,0,0,0,0,0,0,-1,0,0,0,0,1,0,1,-1,0,0,0,0,0,0,0,0,0,1,0,0,0,0,1,1,1,0,1,-1,0,0,0,0,0,0,0,0,0,0,-1,0,0,0,0,0,1,0,0,0,0,1,0,1,0,0,0,0,0,0,0,0,0,0,1,0,1,0,0,0,-1,0,0,0,0,1,0,0,0,0,0,0,1,1,-1,0,0,0,0,0,0,0,0,0,0,0,-1,-1,0,0,0,0,-1,0,0,0,0,0,0,0,1,0,0,0,0,0,0,0,1,0,0,0,0,0,0,0,0,0,-1,0,0,0,0,0,0,0,0,0,0,0,-1,0,0,1
"Gene 40",0,0,0,0,0,0,0,0,1,0,0,0,1,0,0,0,0,0,0,0,0,1,0,0,1,-1,0,0,0,0,0,-1,0,0,0,0,0,0,-1,0,0,0,0,-1,1,0,1,0,0,1,-1,0,0,0,0,0,0,0,0,0,0,0,0,-1,0,0,0,0,0,0,0,0,0,0,-1,0,0,1,-1,0,1,0,0,1,0,0,0,0,1,0,0,0,0,0,0,0,0,1,0,-1,0,0,0,0,0,-1,0,0,0,0,0,0,0,0,0,1,0,0,0,0,0,0,-1,0,0,0,0,1,0,0,0,-1,0,0,0,-1,0,0,0,1,0,0,0,0,0,0,0,0,0,0,0,0,0,0,0,0,1,0,0,0,0,0,0,1,0,0,0,0,0,0,0,0,0,0,1,0,0,0,0,1,0,0,0,-1,0,0,0,-1,0,0,0,0,0,0,1,0,-1,0,0,0
"Gene 41",-1,-1,0,0,0,1,0,-1,0,0,0,1,0,0,0,0,0,1,0,0,0,1,0,0,0,0,1,0,0,0,0,-1,0,0,0,0,0,-1,0,0,0,0,-1,1,0,1,0,0,1,0,-1,1,1,0,0,-1,-1,-1,-1,0,0,0,0,1,0,0,0,0,0,0,-1,-1,0,0,0,0,0,0,0,0,0,0,0,0,0,-1,-1,0,0,-1,0,0,1,0,0,-1,0,0,0,0,1,-1,0,0,0,0,0,0,0,0,0,1,-1,0,1,-1,0,0,0,0,0,-1,0,0,0,0,0,0,0,0,1,0,0,0,-1,0,0,1,0,0,0,0,0,0,0,0,0,0,0,0,0,0,0,0,0,0,0,0,0,0,0,0,-1,-1,0,-1,0,0,-1,0,-1,0,0,0,0,1,1,1,0,0,-1,0,0,0,0,0,0,0,0,0,0,0,0,0,0,0,0,-1,0,0
"Gene 42",0,0,0,0,1,0,0,0,0,0,0,0,0,0,-1,0,0,0,0,0,0,-1,0,0,0,-1,0,0,-1,0,1,0,0,0,0,0,0,0,-1,0,0,0,-1,1,0,0,0,0,0,0,0,0,-1,0,0,0,0,0,0,0,0,0,0,-1,0,1,0,0,0,0,1,0,0,0,0,0,0,-1,0,0,0,-1,0,1,0,0,0,0,1,-1,1,0,0,0,0,0,0,0,0,0,0,-1,0,0,0,0,-1,0,0,0,0,0,1,0,0,0,0,0,0,0,0,0,0,1,1,0,-1,0,1,1,0,1,1,0,0,0,1,0,0,0,0,0,0,0,0,0,0,-1,0,0,0,0,0,0,1,0,0,0,0,0,0,-1,-1,0,0,0,0,0,0,0,1,0,0,0,1,0,0,0,0,1,0,0,0,0,0,0,0,0,-1,0,0,1,0,1,0,0,0,0,0,0
"Gene 43",0,0,0,0,0,0,0,0,0,0,0,0,1,0,-1,0,0,0,0,0,-1,0,1,0,0,0,0,0,0,0,0,0,0,0,0,0,0,0,0,0,-1,-1,0,0,0,1,0,0,1,0,0,0,0,0,0,0,0,0,1,1,1,0,0,0,0,0,0,0,0,0,0,0,0,1,0,0,-1,0,1,0,0,0,0,0,0,0,0,0,0,0,-1,1,0,1,0,-1,0,0,0,0,0,0,0,0,0,0,1,0,1,0,0,-1,0,0,0,0,0,1,0,0,0,0,0,0,-1,0,0,-1,0,0,0,0,0,0,0,-1,1,0,0,0,0,0,0,0,0,0,0,0,0,-1,0,-1,0,0,-1,0,0,0,1,0,0,0,-1,-1,0,-1,0,0,0,1,0,-1,0,1,0,0,0,1,1,0,0,1,0,0,0,0,0,0,0,0,-1,0,0,0,0,0,0,0,-1,0
"Gene 44",0,0,0,0,0,0,0,0,0,1,0,0,0,0,0,0,0,0,0,0,0,0,1,0,0,0,0,0,-1,0,0,-1,0,0,0,0,0,0,0,-1,1,1,0,0,0,0,0,0,0,0,0,0,0,0,1,0,0,1,1,0,0,0,0,-1,0,0,0,-1,0,0,0,0,-1,0,0,0,0,0,0,0,1,0,0,0,0,0,0,0,0,0,0,0,-1,0,0,0,-1,0,-1,0,0,0,0,1,0,0,0,1,1,0,0,0,0,0,0,0,1,0,0,0,0,0,0,0,0,0,0,-1,0,0,0,0,0,1,0,0,0,-1,0,0,1,0,0,0,0,0,0,0,0,1,1,0,0,0,1,0,-1,0,0,0,0,0,0,0,0,0,0,-1,0,0,0,1,0,0,0,1,-1,0,0,0,0,0,0,0,0,1,-1,0,0,1,1,0,0,0,0,0,0,0,1,0
"Gene 45",0,0,0,-1,0,0,0,-1,-1,1,1,0,1,0,-1,0,0,0,0,-1,0,0,0,1,0,-1,0,-1,0,0,0,0,0,0,0,0,1,1,0,1,0,0,0,0,0,0,0,0,0,0,-1,0,0,0,0,-1,0,0,0,0,1,0,0,0,-1,0,1,0,0,0,0,0,0,0,-1,0,0,0,0,1,0,0,0,0,0,0,0,-1,0,0,0,0,0,0,0,0,0,0,-1,-1,-1,-1,0,0,0,0,0,0,0,0,0,0,1,1,0,0,0,0,1,0,0,0,0,0,1,0,1,0,0,0,0,-1,0,1,0,0,0,0,0,0,0,0,0,1,0,0,-1,-1,0,1,0,0,1,0,0,0,-1,0,0,0,0,0,0,0,0,-1,0,0,-1,-1,0,0,0,-1,0,0,0,0,0,0,0,0,-1,0,0,0,1,-1,0,1,0,0,0,0,-1,-1,-1,0,0,0
"Gene 46",0,0,0,0,0,0,0,0,-1,0,0,0,0,0,0,-1,0,0,0,1,0,0,0,0,0,-1,0,0,0,0,1,0,0,0,-1,0,0,-1,0,0,1,0,1,0,0,0,0,0,0,0,0,0,0,0,0,0,1,0,0,1,0,0,0,-1,0,0,0,0,-1,0,0,0,0,0,-1,-1,0,-1,0,0,0,0,0,0,-1,0,0,0,0,1,0,0,0,0,0,0,0,1,0,0,0,0,0,0,0,0,0,0,0,0,1,0,0,0,0,0,0,0,0,0,1,0,0,0,0,0,0,0,0,1,0,0,0,0,0,0,-1,1,-1,0,0,0,0,-1,0,0,-1,0,0,-1,-1,0,1,0,0,1,0,0,0,1,0,0,0,0,0,0,0,1,0,0,-1,0,0,0,0,0,0,0,0,0,0,0,0,0,0,0,0,0,0,0,0,0,0,0,0,0,0,0,-1,1
"Gene 47",0,1,0,0,-1,-1,-1,0,1,1,0,0,0,0,0,0,0,0,1,0,0,0,0,0,1,-1,0,0,0,0,0,0,0,0,0,0,0,0,0,1,0,0,0,0,0,0,0,-1,0,0,0,0,0,0,0,0,0,0,0,-1,1,0,0,-1,0,0,0,0,0,1,-1,0,0,0,0,0,0,0,0,0,0,1,-1,0,0,0,0,0,0,1,0,0,-1,0,0,0,0,0,1,0,-1,-1,0,0,-1,0,-1,0,0,0,0,-1,0,0,0,1,0,0,0,0,0,0,0,0,0,0,0,0,0,0,0,0,0,1,0,0,0,0,0,1,0,0,0,0,0,0,0,0,0,0,0,0,0,1,0,0,1,0,0,0,1,0,0,0,0,0,0,0,0,0,-1,0,0,0,0,0,1,1,0,0,0,0,0,0,-1,0,0,0,0,0,0,0,-1,0,0,-1,-1,0,0,0
"Gene 48",0,0,-1,0,0,0,-1,0,0,0,0,0,0,0,1,0,0,0,0,-1,-1,0,0,0,0,0,-1,0,0,0,0,-1,1,-1,0,0,0,-1,0,0,0,0,0,0,0,0,-1,0,0,0,0,-1,0,0,0,0,0,0,0,0,0,0,1,1,0,0,0,0,0,-1,-1,0,0,0,0,0,0,0,0,0,0,0,-1,1,-1,0,0,0,0,1,0,0,-1,0,0,0,0,1,-1,0,0,0,0,0,-1,0,0,0,0,0,0,0,0,0,0,0,0,0,1,0,0,0,1,0,0,0,0,0,0,0,0,-1,-1,-1,0,0,0,0,1,0,0,0,-1,0,0,0,0,0,1,0,0,0,0,0,0,1,0,0,0,0,0,0,0,0,0,0,-1,0,0,0,0,0,0,-1,0,0,-1,1,0,0,0,0,0,0,1,0,0,0,0,-1,0,-1,0,0,0,0,0,0,0,0
"Gene 49",0,0,0,0,0,0,0,0,0,1,0,0,0,0,1,0,0,-1,0,0,0,0,0,0,0,0,0,0,0,0,0,0,0,1,0,0,0,0,0,0,1,0,1,0,0,0,0,0,0,0,0,0,0,0,0,0,-1,-1,0,0,0,0,1,0,1,0,0,0,0,0,0,0,0,0,0,0,1,0,0,0,0,0,0,1,0,0,0,0,0,0,-1,0,0,0,0,0,0,0,0,0,0,0,0,0,0,0,0,0,0,0,-1,-1,0,0,0,0,0,0,0,0,0,0,0,0,0,0,0,0,0,0,0,-1,0,0,0,0,0,-1,-1,0,-1,1,0,0,0,0,0,0,1,0,-1,0,0,0,0,0,0,-1,0,0,0,0,0,0,0,0,0,0,0,0,0,0,0,1,-1,0,0,0,0,0,0,0,0,0,0,0,0,0,0,0,0,0,0,0,0,0,0,0,-1,0
"Gene 50",0,0,0,0,0,0,1,0,0,0,0,0,-1,0,0,0,-1,0,0,0,0,0,-1,0,1,0,0,1,0,-1,1,0,1,-1,0,0,1,0,-1,1,0,0,0,0,0,0,0,0,0,0,1,0,0,0,0,0,0,-1,0,0,0,0,1,1,0,0,0,0,0,0,0,0,0,0,0,0,-1,1,0,0,0,0,0,0,0,1,0,0,1,0,1,-1,0,-1,0,0,-1,1,0,0,0,1,-1,0,0,0,-1,0,0,0,0,1,1,0,0,0,0,-1,-1,1,0,0,0,0,0,1,0,0,0,0,-1,0,0,-1,0,0,0,0,0,0,0,0,0,-1,0,0,-1,1,1,0,1,0,0,0,-1,0,0,-1,0,1,0,0,1,0,0,0,0,-1,0,0,0,0,0,0,0,0,0,-1,-1,0,0,0,0,-1,0,0,0,0,1,0,0,0,0,0,0,1,0,0,0,0
"Gene 51",0,0,0,0,-1,0,-1,-1,0,0,0,0,0,-1,0,-1,0,0,0,0,0,0,0,0,0,0,0,0,0,1,0,0,0,-1,-1,0,1,0,0,-1,-1,0,0,0,-1,0,0,0,0,1,0,0,0,0,0,0,0,0,0,0,0,1,0,0,0,0,0,-1,0,0,0,0,0,0,0,0,1,0,0,1,0,0,0,0,0,0,0,0,0,0,0,-1,-1,0,-1,0,1,0,1,-1,0,0,0,0,0,0,0,1,0,0,0,0,-1,-1,0,0,0,0,0,0,0,0,0,0,0,0,0,-1,0,0,0,0,0,1,0,0,-1,0,0,0,0,0,0,1,1,0,0,0,0,-1,-1,-1,0,0,-1,1,0,0,0,0,0,0,0,0,1,-1,0,0,0,0,-1,1,0,0,0,0,0,0,0,0,0,0,0,0,0,1,0,0,0,1,-1,0,-1,0,0,0,0,0,0,0
"Gene 52",-1,0,0,0,-1,0,0,0,0,0,0,0,0,0,0,0,0,0,-1,-1,0,0,0,0,0,0,0,1,1,-1,0,0,0,0,0,0,1,0,0,0,1,0,0,0,0,0,0,-1,0,0,0,0,0,0,1,0,0,0,0,0,0,0,0,0,0,0,0,0,1,0,0,0,0,0,0,0,0,0,0,0,0,-1,0,0,1,0,0,0,1,0,0,0,0,0,0,0,0,1,0,0,0,0,0,1,0,0,0,1,0,0,0,0,0,0,0,-1,1,0,-1,0,0,0,0,0,1,0,0,0,0,1,0,0,-1,0,0,0,0,-1,0,0,1,0,0,0,0,0,0,0,0,0,0,0,0,0,0,0,0,0,0,0,0,0,0,-1,0,0,0,0,0,0,-1,0,0,-1,1,0,0,0,0,0,0,0,0,-1,0,0,0,0,0,0,0,0,-1,1,0,0,0,0,0,0
"Gene 53",0,0,0,0,0,0,0,0,0,0,-1,0,0,-1,-1,0,0,0,0,0,0,-1,0,0,-1,0,0,0,0,0,-1,-1,-1,-1,-1,0,0,0,0,0,1,-1,0,0,0,0,0,0,0,0,0,0,0,0,0,-1,0,-1,0,0,0,1,0,0,-1,0,0,0,1,0,0,0,-1,0,0,0,0,0,0,0,1,-1,0,-1,0,0,0,1,1,0,0,0,0,0,0,0,0,0,0,0,0,1,0,0,0,0,0,0,0,0,0,0,0,0,0,1,1,-1,-1,0,0,0,0,0,0,0,0,-1,1,0,0,0,0,0,0,-1,0,0,-1,0,1,0,0,0,0,1,0,0,0,0,-1,0,-1,0,0,0,0,0,1,0,1,0,0,0,0,0,0,0,0,0,0,0,0,0,0,0,-1,0,-1,0,1,0,0,0,-1,0,-1,0,0,0,0,0,0,1,1,0,0,-1,-1,0
"Gene 54",0,0,0,-1,0,0,0,0,0,0,0,0,0,0,0,1,0,0,0,0,0,0,0,0,0,0,0,0,0,0,-1,0,0,0,0,1,0,0,0,0,0,0,0,0,0,0,0,0,0,0,0,0,0,0,1,0,0,0,0,0,0,0,0,0,0,0,0,0,0,0,0,0,0,0,0,0,0,0,0,0,0,0,0,0,-1,0,0,0,0,0,0,0,0,0,0,0,0,0,-1,0,0,-1,0,1,-1,1,0,-1,0,0,0,1,1,1,0,0,0,0,0,-1,1,0,-1,0,-1,1,0,0,0,0,0,1,0,0,1,0,0,-1,-1,0,1,0,0,0,0,-1,0,-1,0,0,0,0,0,0,0,0,0,0,0,0,0,-1,-1,0,0,0,0,0,0,0,0,-1,0,0,0,0,1,0,0,0,0,0,0,0,0,0,0,0,0,0,0,0,-1,0,0,0,0,1,0,1
"Gene 55",0,0,0,0,0,0,0,1,0,0,0,0,0,0,1,-1,1,0,0,0,0,1,0,0,0,0,0,1,0,0,0,0,0,0,0,0,0,0,0,0,0,0,0,1,0,0,0,0,0,0,0,1,0,1,0,0,0,0,0,0,0,0,0,0,0,0,0,0,-1,-1,0,0,0,0,-1,0,0,0,1,1,-1,0,0,0,0,0,0,0,0,0,0,0,0,0,0,0,-1,0,0,0,0,0,1,0,0,0,0,0,0,0,0,0,0,1,0,0,0,0,0,0,0,0,-1,1,0,0,0,0,0,0,0,0,1,0,0,0,-1,0,0,0,0,1,0,0,0,0,0,0,0,0,0,0,0,0,0,0,0,0,1,0,0,0,0,0,0,0,0,0,0,0,0,0,-1,1,0,0,0,0,-1,1,0,-1,0,1,0,0,0,0,0,-1,0,1,0,0,0,0,0,0,0,0
"Gene 56",0,0,0,0,0,0,0,1,0,0,0,0,0,0,0,0,0,0,0,0,0,-1,0,0,0,0,-1,-1,0,0,0,1,0,0,0,0,0,0,0,0,-1,0,0,0,-1,0,0,0,0,0,0,0,-1,0,0,0,0,0,0,0,0,0,0,0,0,0,0,0,0,0,0,0,0,0,0,0,0,0,0,0,0,0,0,0,1,0,0,0,0,0,0,0,-1,0,0,0,0,0,0,-1,-1,0,0,0,0,0,-1,0,0,0,0,0,0,0,0,0,0,0,0,1,0,0,0,0,0,0,0,-1,0,0,0,0,0,0,1,0,1,0,0,0,0,0,-1,0,0,0,0,-1,1,1,0,0,0,0,-1,0,0,0,1,0,0,1,0,0,1,0,0,0,0,-1,1,0,-1,0,0,0,0,0,0,0,0,0,0,0,0,0,0,0,0,0,0,0,0,0,0,0,0,0,0,0
"Gene 57",-1,0,0,0,-1,0,0,0,0,0,0,0,0,0,0,0,0,0,0,0,0,-1,0,0,0,0,0,0,0,0,0,0,0,0,0,-1,0,1,0,0,-1,0,0,0,0,1,0,0,-1,0,0,0,0,0,0,0,0,0,0,0,0,0,1,1,0,0,0,0,1,-1,0,0,0,0,0,0,0,0,0,-1,1,0,1,0,0,0,-1,0,0,0,0,0,0,0,0,0,0,1,0,0,0,-1,0,-1,0,0,0,0,0,0,0,0,0,0,0,0,0,0,0,0,0,0,0,0,0,-1,0,0,0,0,0,0,0,0,0,0,0,0,1,0,0,-1,0,0,0,0,0,0,0,0,0,0,0,0,0,0,1,1,0,0,0,0,-1,0,0,0,0,0,0,0,-1,0,-1,0,0,0,0,0,0,0,1,0,0,0,0,1,0,0,0,0,0,-1,0,0,1,0,0,0,0,0
"Gene 58",0,0,-1,0,0,0,0,0,0,0,-1,-1,-1,0,0,1,0,0,1,0,0,1,1,0,0,0,0,0,-1,0,0,0,0,0,0,0,0,0,-1,0,-1,0,0,1,0,0,0,0,-1,-1,0,0,-1,0,0,0,0,0,1,-1,0,0,-1,0,0,0,0,0,0,1,0,-1,0,-1,0,0,1,0,0,0,0,0,-1,0,0,0,1,1,0,1,0,0,0,0,0,0,1,-1,0,0,0,0,0,-1,0,0,0,0,0,0,0,0,0,0,0,0,0,0,1,1,0,0,0,0,-1,-1,1,-1,-1,-1,0,0,0,0,0,1,0,-1,0,1,0,0,0,0,-1,0,0,0,0,0,0,0,0,-1,-1,-1,0,-1,0,0,0,0,0,0,-1,0,-1,0,-1,0,0,0,1,1,0,0,0,0,0,0,0,0,0,0,0,0,0,-1,1,0,0,-1,0,0,-1,0,-1,0,0,-1
"Gene 59",0,0,0,0,0,0,0,0,0,-1,0,-1,-1,0,0,0,0,-1,-1,0,0,0,0,0,0,0,0,-1,0,0,0,-1,0,1,0,0,0,-1,0,0,-1,0,1,1,0,0,0,0,0,0,0,0,0,0,0,0,0,1,0,-1,0,1,1,0,0,0,0,1,0,0,0,0,0,0,-1,1,0,0,0,0,-1,0,1,0,1,0,0,0,0,0,0,0,0,0,1,0,0,0,0,0,0,0,0,0,0,0,0,0,0,0,1,0,0,-1,-1,0,0,0,0,0,0,1,0,0,0,0,0,0,0,0,0,0,0,1,0,0,-1,0,0,1,1,0,0,0,0,0,0,0,0,1,0,1,0,-1,0,0,0,0,1,0,0,0,0,1,0,0,0,0,0,0,0,0,0,0,1,0,0,0,0,0,-1,0,1,0,0,0,-1,0,-1,0,1,0,-1,0,0,0,0,0,0,0
"Gene 60",0,-1,1,0,0,-1,0,0,0,0,-1,0,0,0,0,0,0,1,0,0,0,0,0,0,0,0,0,0,1,0,0,0,0,0,1,0,0,0,0,0,0,0,1,0,0,1,-1,0,0,0,0,0,0,0,0,0,0,-1,-1,0,0,1,0,0,0,0,0,0,1,0,0,0,0,0,-1,0,0,0,0,-1,0,-1,0,0,0,0,0,0,0,0,0,0,0,0,0,0,1,0,0,-1,0,0,0,0,0,0,0,0,0,1,-1,0,1,0,1,0,0,0,0,0,0,0,1,0,0,0,0,1,0,0,0,0,0,0,0,0,0,0,0,0,0,0,0,0,0,-1,0,0,0,0,0,0,-1,0,0,-1,0,0,0,0,1,0,-1,0,0,1,-1,0,0,0,0,0,0,1,0,0,0,0,-1,0,0,0,0,0,0,-1,1,0,0,0,0,0,1,0,-1,0,0,0,0,0
"Gene 61",0,-1,0,0,0,0,0,0,-1,1,0,0,0,1,0,0,-1,0,0,0,0,0,0,0,0,0,0,1,0,0,0,0,0,-1,1,0,-1,-1,0,0,0,0,1,0,1,0,1,0,0,0,0,0,0,0,0,0,0,0,0,0,0,0,0,0,0,0,0,0,0,0,-1,0,1,0,0,0,-1,0,0,0,0,0,0,-1,0,0,1,0,0,0,0,0,0,0,0,0,0,0,0,0,0,0,0,0,0,0,0,0,0,0,0,0,0,0,-1,0,0,1,-1,0,0,0,0,1,0,0,0,-1,0,0,0,0,-1,0,0,0,0,-1,0,1,0,0,0,0,-1,0,0,0,0,0,0,0,0,0,0,0,0,0,0,0,0,0,0,0,1,1,1,0,0,0,0,0,0,0,0,-1,0,0,0,0,0,0,0,0,0,0,0,0,0,0,0,0,0,0,0,0,0,0,0,0
"Gene 62",-1,0,0,0,1,0,0,0,0,-1,0,0,0,1,0,0,0,-1,0,0,1,0,0,0,0,0,0,-1,0,1,1,0,-1,0,0,0,0,0,0,0,0,0,0,0,0,0,0,0,0,0,1,0,1,0,0,0,0,0,1,1,0,0,0,1,0,0,0,-1,0,0,0,1,1,-1,0,0,0,1,-1,0,-1,0,0,0,0,0,0,0,0,0,0,-1,0,0,1,0,0,0,0,0,-1,0,1,0,1,0,0,1,0,0,1,0,1,1,0,0,0,1,0,0,0,0,0,1,0,0,0,-1,-1,0,0,0,1,0,1,0,0,0,0,0,0,0,-1,0,0,0,0,-1,0,0,0,0,-1,0,0,0,0,0,0,0,-1,0,-1,1,0,-1,0,-1,0,1,0,0,0,0,0,0,-1,0,0,0,0,0,0,0,0,0,0,0,0,0,0,0,1,1,-1,0,0,-1,-1,1
"Gene 63",-1,0,0,0,-1,0,0,0,0,0,-1,0,0,0,0,0,1,-1,0,0,1,0,0,0,1,0,0,1,0,0,0,1,-1,0,0,0,0,0,1,0,0,0,0,0,0,0,0,1,1,1,0,0,0,0,0,0,1,-1,1,0,0,0,0,1,0,0,0,0,0,0,0,0,0,1,1,0,0,0,0,-1,0,0,0,0,0,1,0,0,0,0,-1,0,0,0,0,0,0,0,0,0,0,0,0,-1,0,0,-1,0,0,0,0,0,-1,0,0,0,0,0,0,-1,1,1,0,0,1,1,-1,0,0,1,0,0,0,0,-1,0,0,1,0,0,0,0,0,1,1,0,0,1,0,0,1,0,0,0,0,0,0,0,-1,0,-1,1,0,0,0,0,0,0,0,1,1,-1,0,-1,0,0,0,0,0,0,0,0,0,0,0,0,0,0,1,0,-1,1,0,0,0,0,-1,1,0,1
"Gene 64",1,0,0,0,0,1,0,0,0,0,0,0,0,1,0,0,0,1,0,-1,0,0,1,0,0,0,0,0,0,0,0,0,0,-1,0,0,0,1,0,-1,1,-1,0,-1,0,-1,-1,1,0,1,0,0,0,0,0,0,1,0,0,0,0,1,1,0,1,0,1,0,1,0,0,0,0,0,0,0,0,0,0,0,0,0,0,0,0,0,0,0,0,0,0,0,0,-1,0,1,0,0,0,0,0,0,0,0,0,-1,1,-1,0,0,0,0,0,0,0,0,0,0,0,0,0,0,0,0,0,0,0,0,1,-1,-1,-1,0,0,0,0,0,0,0,0,0,0,1,-1,0,0,0,0,1,0,0,0,0,0,-1,0,0,0,0,1,0,1,1,1,0,0,0,0,0,0,0,0,0,0,0,0,-1,0,0,0,0,0,0,0,0,0,0,1,0,0,0,0,0,0,-1,-1,0,0,0,0
"Gene 65",0,0,-1,0,0,-1,1,0,0,0,0,0,0,0,0,0,0,0,-1,0,0,1,0,0,0,0,0,0,1,-1,0,0,-1,0,0,0,0,0,1,0,0,0,0,0,-1,0,0,0,1,0,0,0,-1,0,0,0,0,0,0,0,0,0,0,1,0,0,0,0,0,0,0,0,0,1,0,0,0,0,1,-1,0,1,0,0,0,0,0,0,0,0,0,0,0,0,0,0,0,0,-1,0,1,0,0,0,1,1,0,1,0,0,0,0,0,0,-1,0,0,-1,-1,0,0,0,1,1,0,0,0,0,0,0,0,0,0,0,0,0,0,0,-1,0,0,0,0,-1,0,1,-1,0,0,0,1,0,1,0,0,0,0,-1,0,0,0,0,0,-1,0,0,1,0,0,0,0,0,0,0,0,0,1,-1,0,0,0,0,-1,-1,1,0,0,1,0,1,0,0,0,-1,0,0,0,0,0,0
"Gene 66",0,0,0,0,0,0,0,0,0,0,0,0,0,1,1,0,0,0,0,0,0,0,0,-1,0,0,0,0,0,0,0,0,-1,0,0,0,0,0,-1,0,0,1,0,0,0,0,0,0,0,0,0,0,0,0,0,0,0,0,0,0,0,0,0,0,0,0,0,0,0,0,0,1,0,-1,0,0,0,0,0,0,-1,0,0,0,-1,0,0,0,-1,0,0,0,1,0,0,-1,0,0,0,0,0,0,0,1,0,0,0,0,1,-1,0,0,-1,0,0,0,1,0,0,0,1,0,0,1,0,0,0,0,0,0,0,0,0,-1,0,1,0,0,0,0,0,0,0,0,-1,0,0,1,0,0,-1,0,0,0,-1,0,0,0,1,0,0,-1,0,0,0,0,0,0,0,0,0,0,0,0,0,0,0,1,0,0,0,0,0,0,0,-1,0,0,0,0,1,0,0,0,0,1,0,0,0,-1
"Gene 67",0,0,-1,0,0,1,0,1,-1,0,0,0,0,0,0,0,0,-1,0,0,0,1,0,0,0,0,1,0,0,-1,1,0,-1,-1,0,0,0,0,0,0,0,0,0,0,1,0,0,0,0,0,0,0,0,0,0,0,0,0,0,0,0,0,0,1,0,0,0,0,0,0,0,-1,1,0,0,0,0,0,0,-1,0,-1,0,0,1,0,0,-1,0,0,0,1,0,0,0,0,0,0,0,0,0,0,0,0,-1,0,0,0,0,0,0,-1,-1,0,0,0,0,0,1,0,0,0,0,1,0,0,-1,0,1,0,0,0,0,0,0,-1,-1,0,0,0,-1,0,-1,0,0,0,0,0,0,0,0,0,1,0,0,1,0,0,0,0,0,0,0,0,0,-1,0,-1,0,0,0,0,1,0,0,0,1,0,0,1,0,-1,0,0,0,-1,0,1,0,0,0,0,0,0,-1,1,0,0,0,0
"Gene 68",1,1,0,0,-1,-1,0,0,0,0,0,0,0,0,0,0,0,0,0,0,0,0,1,0,0,0,0,0,0,-1,0,0,0,1,0,0,0,0,0,0,0,0,0,-1,0,0,0,0,0,0,-1,0,0,0,0,0,0,0,1,0,0,-1,0,0,0,0,0,0,0,0,0,0,0,0,-1,0,0,0,-1,0,0,0,0,1,0,0,0,0,0,0,0,-1,0,0,0,1,-1,0,0,0,0,0,0,0,-1,-1,1,0,0,-1,0,-1,0,0,0,0,0,0,0,0,0,0,0,0,0,0,0,-1,0,0,0,0,0,0,-1,1,0,0,0,-1,0,0,0,0,0,0,0,0,0,0,0,0,0,0,-1,0,0,-1,0,0,-1,1,0,0,0,0,1,-1,0,0,0,0,1,0,0,0,0,0,0,0,0,0,1,0,0,1,-1,0,1,-1,0,0,-1,0,0,0,0,0,1,0
"Gene 69",0,-1,0,0,0,-1,0,0,0,0,0,0,0,-1,0,0,0,0,0,0,0,0,-1,0,0,0,0,0,0,0,0,0,1,0,0,0,0,0,0,0,0,0,0,0,0,-1,0,0,0,0,0,1,1,0,-1,0,1,0,0,1,0,0,0,1,0,0,0,0,0,0,0,0,0,0,0,0,0,0,0,0,1,0,0,1,0,0,0,0,0,0,1,0,-1,-1,0,0,0,0,0,0,-1,0,0,0,0,-1,0,0,0,0,0,-1,0,0,1,0,0,0,0,-1,1,0,0,0,0,0,0,0,0,0,0,-1,0,0,0,0,0,0,0,0,-1,0,0,0,0,-1,0,0,0,0,0,0,0,0,0,0,0,0,0,-1,1,0,0,0,0,0,0,0,0,0,0,0,0,0,-1,0,0,-1,0,0,0,0,0,-1,0,0,-1,0,0,0,-1,0,0,0,0,0,0,0,0,-1
"Gene 70",0,0,0,0,-1,0,-1,0,0,0,0,0,0,1,0,1,0,0,0,0,0,0,1,0,-1,0,0,0,0,0,0,0,0,0,0,0,1,0,0,0,0,0,0,0,0,0,1,-1,0,0,0,0,0,0,-1,0,-1,1,0,0,0,0,0,0,0,0,0,0,0,0,-1,0,0,0,-1,0,0,0,0,0,-1,0,0,0,1,0,0,-1,-1,0,0,0,1,1,-1,0,0,0,0,-1,0,0,0,0,0,0,0,1,0,0,0,0,1,0,1,1,0,0,0,0,0,0,0,0,0,0,0,0,-1,0,0,0,-1,0,0,1,1,0,0,0,0,0,0,0,-1,0,0,1,0,0,0,0,0,0,0,0,0,0,0,0,0,-1,0,-1,-1,0,0,0,0,0,0,0,-1,0,0,0,0,0,0,1,0,0,1,0,0,0,0,0,1,0,0,0,-1,0,0,0,0,1,1,0
"Gene 71",1,1,-1,0,0,0,0,0,1,-1,0,0,0,0,0,0,0,1,0,0,0,0,0,0,0,0,1,0,-1,0,-1,1,0,0,0,0,0,0,0,0,-1,1,0,0,0,0,-1,-1,0,0,0,0,0,0,0,0,0,0,0,0,-1,0,0,0,0,0,0,0,0,-1,0,0,1,0,1,0,0,0,1,0,-1,0,0,0,0,0,0,0,1,0,0,0,0,0,0,0,0,0,0,0,0,0,1,0,0,0,0,0,0,0,0,1,0,0,0,1,0,0,0,1,1,0,0,0,0,0,0,0,0,0,-1,0,0,0,0,0,0,0,0,0,0,1,0,0,0,0,0,0,0,0,0,0,0,0,0,0,0,-1,0,0,0,-1,0,0,0,0,0,0,0,0,0,-1,1,0,0,0,0,0,1,0,1,0,0,0,0,0,0,-1,0,0,0,0,0,0,-1,0,1,0,0,0
"Gene 72",0,0,0,0,0,1,0,0,0,1,0,0,0,-1,0,0,0,0,0,0,0,0,0,0,-1,0,1,0,1,0,1,0,0,0,0,0,0,0,0,0,-1,0,0,0,0,0,0,0,0,0,0,0,0,0,0,0,0,-1,0,0,0,1,0,0,0,1,-1,0,0,0,0,0,0,0,0,0,0,0,1,0,1,0,-1,0,0,0,0,0,0,0,1,0,0,0,0,0,0,-1,0,0,1,0,-1,0,0,0,0,0,0,0,0,-1,1,0,0,0,0,0,1,0,0,0,0,-1,0,1,0,0,0,0,0,0,0,1,0,0,0,0,0,0,0,0,0,-1,0,0,0,-1,0,-1,0,0,0,0,0,0,0,0,0,0,0,1,0,0,0,1,0,0,0,0,0,0,1,1,0,0,0,0,1,0,0,-1,0,0,0,0,0,0,-1,0,0,0,0,0,-1,1,0,0,1,-1
"Gene 73",0,0,-1,0,1,0,0,0,0,0,0,0,0,0,0,1,0,0,0,0,0,0,0,1,-1,0,0,-1,0,0,0,0,0,0,0,1,-1,-1,0,0,0,0,0,-1,0,0,0,0,0,0,0,0,-1,0,0,0,0,0,0,0,1,1,0,0,0,0,1,0,0,0,1,0,0,0,0,0,0,0,1,0,0,0,0,0,0,0,0,0,0,0,0,0,0,0,0,0,0,0,0,0,1,0,-1,0,0,0,1,0,0,0,0,0,0,0,-1,0,0,0,0,0,0,0,0,0,0,0,0,0,0,0,0,0,0,0,0,0,0,0,0,0,0,0,1,0,0,1,0,-1,-1,0,0,0,0,0,0,0,0,0,0,0,0,1,0,0,0,0,0,-1,0,0,0,0,0,0,0,0,0,1,0,0,0,0,0,1,1,-1,0,0,0,0,0,0,0,0,0,0,0,0,0,-1
"Gene 74",0,0,0,0,1,0,0,0,0,0,0,0,0,0,0,0,0,-1,0,0,0,-1,0,0,0,0,0,0,0,0,0,0,0,1,0,1,0,1,0,0,0,0,1,0,0,0,0,0,0,0,0,0,0,0,0,0,0,-1,0,0,0,-1,1,0,1,-1,0,0,0,0,0,0,0,0,0,-1,0,0,0,0,0,0,0,0,0,0,1,0,0,0,0,0,1,0,0,0,0,-1,0,0,0,0,0,-1,-1,0,1,-1,0,0,0,1,0,0,0,0,1,0,1,0,1,0,0,1,0,0,0,0,0,0,0,0,0,0,0,-1,0,0,-1,0,0,0,0,0,1,0,0,0,0,0,0,1,0,0,0,0,-1,0,0,-1,0,0,0,0,0,0,0,0,0,0,1,0,1,0,-1,1,0,0,0,0,0,1,0,0,0,0,-1,0,-1,-1,0,0,1,0,1,0,0,0,0,-1
"Gene 75",0,0,0,0,0,-1,0,0,0,0,0,0,0,1,-1,0,1,0,0,0,0,0,-1,0,0,0,-1,0,1,0,0,1,0,0,1,0,-1,0,0,-1,0,0,0,0,-1,-1,0,0,0,0,0,0,0,0,-1,0,0,0,-1,-1,0,0,1,0,0,0,0,-1,0,-1,1,0,0,0,0,0,1,0,0,1,1,0,0,-1,0,1,0,0,0,0,1,1,0,0,0,0,0,0,0,-1,0,0,0,0,0,0,-1,-1,0,1,0,-1,0,0,0,0,0,0,0,0,-1,0,-1,0,-1,0,0,0,0,0,-1,0,0,0,0,0,0,0,0,1,0,0,0,1,-1,0,0,-1,0,0,0,1,0,0,0,0,0,0,1,0,0,0,1,0,0,0,1,1,0,0,0,-1,0,0,0,1,0,0,1,-1,0,0,0,0,-1,-1,0,0,0,0,0,1,0,0,0,0,0,0,0,0
"Gene 76",-1,0,0,1,0,0,0,0,0,1,0,0,0,0,0,1,0,0,0,0,0,1,0,0,0,0,0,-1,-1,-1,0,0,0,1,0,0,0,-1,1,0,0,0,0,0,0,-1,0,0,0,0,0,0,0,0,0,0,0,0,1,0,0,0,0,0,0,0,0,0,0,0,0,0,0,-1,0,0,1,0,0,0,1,0,-1,0,0,0,0,0,0,0,0,1,0,0,0,0,0,0,0,0,0,0,-1,-1,0,0,-1,0,0,0,0,0,0,0,0,0,0,0,0,0,0,0,0,0,-1,-1,0,0,0,0,-1,0,0,0,0,0,1,0,0,1,0,-1,-1,0,0,1,0,0,0,0,0,0,0,0,0,0,0,-1,0,1,0,1,0,-1,0,0,0,-1,0,-1,0,0,0,0,0,0,0,0,0,0,0,1,0,-1,0,1,-1,0,0,-1,0,0,0,0,0,0,0,0,0,0
"Gene 77",0,1,1,0,0,1,0,-1,-1,0,0,0,-1,0,0,0,0,0,1,1,0,0,0,-1,0,0,0,0,0,0,0,0,0,0,-1,0,0,0,0,0,0,0,-1,0,0,0,0,0,1,-1,1,0,0,0,0,0,0,1,0,0,-1,0,0,0,0,0,0,0,0,0,0,0,0,0,1,1,0,0,0,0,0,0,0,0,-1,0,0,0,0,1,0,-1,0,0,0,0,0,0,-1,0,-1,0,1,0,0,0,0,0,0,0,0,0,-1,0,0,0,0,-1,0,0,0,-1,0,0,0,0,0,0,0,0,0,0,0,0,0,0,0,0,0,0,0,-1,0,-1,0,0,1,0,0,0,0,0,0,0,0,0,0,0,0,0,0,-1,0,0,0,0,0,1,0,1,0,0,0,0,1,0,0,0,0,0,0,0,0,0,0,1,0,0,0,0,0,-1,0,0,0,0,1,0,-1,0
"Gene 78",0,0,-1,0,0,0,1,0,-1,1,0,-1,0,0,0,0,0,0,-1,0,1,0,0,1,0,0,0,0,0,0,0,0,0,0,0,0,0,-1,0,1,0,-1,0,0,0,-1,0,0,0,1,0,0,0,0,0,0,0,0,0,0,0,1,0,0,0,0,0,0,0,0,0,0,0,0,0,0,0,0,0,0,0,0,0,0,0,0,0,1,0,0,0,0,-1,0,0,0,0,0,1,0,-1,0,0,-1,0,0,-1,0,0,0,0,0,0,0,0,0,0,0,0,0,0,0,0,0,0,0,0,0,0,0,0,0,0,1,0,0,1,0,0,-1,0,-1,0,0,0,1,0,0,0,0,0,0,0,0,0,-1,0,0,0,0,0,0,0,0,0,0,0,0,0,1,0,0,0,1,0,-1,0,0,0,0,-1,1,0,0,0,-1,0,1,-1,0,0,0,0,0,0,0,1,0,1,0
"Gene 79",0,0,0,1,0,0,0,0,0,0,-1,0,-1,0,0,-1,1,0,-1,0,-1,0,-1,-1,1,0,0,0,1,0,0,1,0,-1,0,0,0,-1,0,-1,0,0,1,0,0,0,0,0,0,0,0,0,0,0,1,0,0,0,0,0,0,-1,0,0,1,0,0,-1,0,0,1,1,1,0,0,0,0,0,0,0,1,0,1,0,0,0,0,0,0,0,0,0,0,-1,0,0,0,0,0,0,0,0,1,1,-1,0,0,0,0,0,0,1,0,-1,0,0,1,1,0,0,0,0,0,1,0,0,0,0,1,0,1,0,0,0,0,0,1,0,0,0,0,0,0,1,-1,0,0,0,0,0,0,0,0,0,0,0,0,0,0,0,0,0,0,0,0,0,1,0,0,0,0,-1,0,0,0,0,1,0,0,0,0,0,0,0,0,0,0,1,0,0,0,0,0,0,0,1,0,1,0,0
"Gene 80",0,0,0,1,0,0,0,0,0,0,0,-1,0,-1,0,1,0,0,0,0,0,0,0,0,0,1,-1,0,0,0,-1,0,0,0,0,0,0,0,0,0,0,0,0,0,1,0,0,0,0,0,1,0,0,0,1,0,-1,0,0,-1,0,0,-1,0,-1,0,-1,0,0,0,0,0,0,0,1,0,0,0,0,0,0,1,0,0,0,-1,0,0,0,0,0,0,1,0,0,0,0,0,0,-1,0,0,1,0,0,0,0,0,0,0,0,0,0,0,0,0,1,0,0,1,0,0,0,0,0,-1,0,0,1,0,0,-1,0,0,1,0,0,0,0,0,0,1,0,0,0,1,0,0,0,0,1,0,0,0,-1,-1,-1,0,0,0,1,0,1,0,0,1,0,0,0,0,0,-1,0,0,0,-1,1,0,-1,-1,0,0,-1,0,1,0,1,0,0,0,1,0,0,0,0,0,0,0,1,0
"Gene 81",0,1,0,-1,0,1,0,0,0,0,0,-1,0,0,0,0,0,0,0,0,0,0,0,1,0,0,0,-1,0,0,0,0,0,0,0,0,0,0,1,1,0,0,0,1,0,0,0,0,0,0,0,0,1,0,-1,0,1,0,-1,0,0,-1,0,0,0,-1,0,0,1,-1,-1,1,0,0,1,1,0,0,1,0,0,-1,0,0,-1,0,0,1,-1,1,0,0,0,0,0,0,1,-1,0,0,0,0,0,0,0,0,0,0,0,0,0,0,0,0,0,0,0,0,0,-1,0,0,0,0,0,0,-1,0,0,0,1,0,0,0,-1,0,0,0,1,0,0,0,0,0,-1,0,0,1,0,0,0,0,0,0,0,0,0,0,0,0,1,-1,0,0,0,0,0,0,0,0,-1,0,0,0,1,0,0,0,0,0,-1,0,0,-1,0,0,1,0,0,0,-1,0,-1,0,0,0,0,0,-1,0
"Gene 82",0,-1,0,0,0,0,-1,1,0,0,0,0,0,0,0,0,0,0,0,-1,0,0,0,0,0,-1,0,-1,0,0,0,0,0,0,0,0,1,0,1,0,0,-1,0,0,0,0,1,0,0,0,0,-1,-1,0,0,0,0,0,0,-1,0,0,0,0,1,0,-1,0,0,0,0,0,0,0,0,0,0,0,0,1,-1,0,1,1,0,0,0,0,1,1,0,-1,0,0,0,0,0,0,0,0,0,0,0,0,1,0,0,0,0,0,0,0,-1,0,0,0,1,-1,0,-1,0,0,0,0,0,0,0,1,-1,0,0,0,-1,0,1,0,0,0,0,0,0,0,1,0,0,0,0,0,0,1,0,0,0,-1,0,0,0,0,0,1,0,0,0,-1,0,1,0,-1,0,1,0,0,0,0,0,0,0,0,0,-1,1,0,0,0,0,0,0,0,-1,0,0,0,0,0,0,0,0,1,0,0
"Gene 83",-1,0,0,0,0,0,-1,1,0,0,0,1,0,0,0,0,-1,1,0,0,0,-1,0,-1,0,0,1,0,0,0,0,0,0,0,0,0,0,0,1,0,0,0,0,0,0,0,-1,-1,0,0,0,0,0,0,0,0,1,-1,1,0,0,0,0,0,0,0,0,0,0,0,0,-1,0,0,0,-1,0,0,1,0,0,1,0,0,0,0,0,0,-1,0,0,0,1,0,0,0,0,-1,0,0,0,0,0,0,0,0,1,1,-1,-1,0,0,-1,0,0,0,0,-1,0,0,0,0,0,0,0,-1,0,0,1,0,0,1,0,0,-1,1,0,-1,0,0,-1,1,-1,1,-1,0,0,0,0,0,1,-1,0,0,0,0,0,0,0,0,-1,0,1,0,0,-1,0,0,1,0,-1,0,0,0,0,1,0,0,0,1,1,0,0,0,0,0,0,0,0,0,0,0,0,0,0,0,-1,0,1,0
"Gene 84",0,1,0,0,0,1,0,0,0,0,-1,-1,0,0,0,0,0,0,0,0,-1,0,0,-1,0,0,0,0,0,0,0,-1,-1,1,0,-1,1,0,0,1,0,1,0,0,0,0,0,1,1,0,0,0,-1,0,0,0,0,0,0,0,-1,0,0,0,0,0,0,1,1,0,0,0,0,0,-1,0,0,0,0,0,0,1,0,0,0,0,0,1,0,0,0,0,0,0,0,0,1,0,1,1,0,0,0,-1,0,0,0,0,0,0,0,1,-1,0,0,0,1,0,0,0,0,0,0,-1,0,0,0,1,0,0,0,0,-1,0,0,0,0,1,0,-1,1,-1,0,0,0,1,0,0,0,0,0,-1,0,0,0,0,0,0,-1,0,0,-1,0,0,0,0,0,0,0,0,0,0,0,0,0,-1,0,0,0,0,0,0,0,-1,0,0,0,0,1,0,1,0,0,0,1,0,0,-1,0,0
"Gene 85",0,-1,0,0,0,0,0,1,0,1,0,0,1,0,0,0,0,0,0,0,0,0,0,1,0,0,0,0,0,-1,0,0,0,0,0,0,0,1,1,0,0,0,0,0,0,-1,0,-1,0,0,0,1,0,-1,0,1,0,0,1,0,0,0,0,0,0,-1,1,0,0,1,0,0,0,0,0,0,-1,0,0,0,-1,0,0,0,0,0,0,0,0,0,-1,1,-1,0,-1,0,0,0,0,0,0,0,0,0,-1,0,0,0,0,0,0,0,0,0,0,0,0,0,0,0,-1,1,0,1,0,1,0,0,0,0,1,0,-1,0,0,1,0,0,0,0,0,0,0,0,0,0,0,1,0,0,0,0,0,0,0,0,-1,0,-1,0,0,0,0,0,0,0,0,0,1,0,0,0,1,0,1,0,0,0,0,0,1,0,0,1,0,0,0,0,1,-1,0,0,0,0,-1,0,0,0,1,-1
"Gene 86",0,0,0,0,0,0,0,0,0,0,0,0,0,0,-1,0,0,0,0,0,1,0,0,-1,0,1,0,-1,0,0,0,0,-1,0,0,0,0,0,-1,0,-1,0,0,0,0,0,0,0,0,1,0,0,0,0,0,0,0,0,0,0,0,0,1,0,0,0,0,0,0,0,0,0,0,0,1,0,0,0,0,-1,0,0,0,0,0,0,0,0,0,0,0,0,0,0,0,0,0,1,0,1,0,0,0,0,0,-1,0,-1,0,0,0,-1,0,0,0,0,1,-1,0,0,0,0,-1,0,-1,0,0,0,0,1,0,0,0,0,0,-1,0,0,-1,0,0,0,0,0,0,0,0,-1,-1,0,0,0,0,0,0,0,0,0,-1,0,0,0,0,0,0,0,0,0,0,-1,0,1,0,-1,1,-1,1,0,0,0,-1,0,-1,1,0,0,1,0,1,0,0,0,0,0,-1,0,0,-1,0,0
"Gene 87",-1,0,0,0,0,0,1,0,0,0,0,0,0,0,0,0,0,0,0,0,0,0,0,0,0,0,0,0,0,0,0,0,-1,0,1,0,0,-1,0,0,-1,0,0,0,0,0,0,0,0,0,0,0,0,0,0,0,-1,1,0,0,1,0,0,0,0,0,0,0,0,0,0,0,0,1,0,0,0,0,0,0,0,0,0,0,0,0,0,0,-1,0,0,1,0,-1,0,0,0,1,-1,0,-1,0,0,0,0,0,0,0,0,0,0,-1,0,0,1,0,0,0,0,-1,1,-1,-1,0,0,0,0,-1,0,0,0,0,0,0,0,-1,0,0,0,0,1,0,0,-1,0,0,0,0,0,0,0,1,0,1,-1,0,0,0,0,1,0,1,0,1,-1,0,0,-1,0,0,0,0,0,0,0,0,0,0,0,0,0,0,0,0,0,0,0,1,0,0,0,0,0,0,1,0,0,-1,0,0
"Gene 88",0,0,-1,0,0,0,0,0,0,0,1,0,1,1,0,0,0,0,0,0,-1,0,0,0,0,0,0,0,0,0,0,0,-1,0,0,1,0,-1,0,0,0,0,0,0,-1,0,0,0,0,0,0,0,1,0,0,0,0,1,0,0,0,0,0,0,0,0,-1,0,0,-1,0,0,0,0,0,0,0,1,0,0,1,0,0,1,0,0,0,0,0,0,0,0,0,0,0,0,0,0,0,0,0,0,0,0,1,0,0,0,0,0,1,0,0,0,0,0,0,0,0,0,0,0,0,0,0,-1,0,1,0,0,0,0,0,0,0,0,0,0,0,0,0,1,0,0,0,-1,-1,0,0,0,0,0,0,0,1,0,0,0,0,0,0,0,0,0,0,0,0,1,0,0,0,0,0,-1,-1,0,0,0,0,0,0,0,-1,0,0,-1,0,0,0,0,-1,0,0,0,0,0,0,-1,0,0
"Gene 89",1,0,1,0,0,0,0,0,1,-1,-1,0,-1,0,-1,0,0,0,0,0,1,1,-1,1,0,0,0,0,0,0,1,0,0,0,0,0,0,0,0,1,0,1,0,0,0,0,0,0,0,1,0,1,1,0,0,0,0,0,0,0,0,0,0,0,0,-1,0,0,0,-1,1,0,0,0,0,0,0,0,0,0,-1,1,-1,0,0,0,-1,0,0,0,1,0,0,0,0,0,0,0,0,0,0,0,0,0,0,0,1,0,0,1,0,-1,0,0,0,0,0,0,0,0,0,0,-1,1,0,0,0,0,0,-1,0,0,0,0,0,0,0,-1,0,1,0,0,0,-1,0,0,-1,0,0,0,0,0,1,0,0,1,0,0,-1,1,0,0,0,0,-1,0,0,0,0,0,0,0,0,0,0,0,0,0,0,0,0,0,0,0,0,0,0,0,0,0,0,1,0,-1,0,0,1,0,0,-1
"Gene 90",0,0,0,1,1,0,0,0,0,0,0,0,0,0,0,0,-1,0,0,0,0,0,1,0,0,-1,0,0,0,0,0,-1,0,0,0,0,0,0,0,0,-1,-1,0,0,0,1,1,1,0,0,0,0,0,0,0,0,0,1,0,0,0,0,0,0,0,0,0,0,0,0,0,0,0,0,0,0,1,0,0,0,1,1,0,0,0,0,0,0,0,0,0,0,0,0,0,0,-1,0,0,0,0,0,0,0,1,0,0,0,-1,0,-1,0,-1,0,0,0,0,0,0,1,0,1,0,-1,0,0,0,0,1,0,-1,1,0,0,0,0,0,0,-1,0,0,0,0,0,0,0,1,1,0,-1,0,-1,0,0,0,0,0,0,0,0,0,-1,-1,0,0,0,0,1,0,0,0,0,0,0,1,0,0,0,0,0,0,0,0,0,0,0,0,0,0,0,0,0,-1,0,0,0,0,-1,0,0
"Gene 91",-1,0,0,0,0,0,0,1,0,0,0,1,-1,-1,0,0,1,-1,0,0,0,0,0,0,0,0,0,0,0,0,0,-1,0,0,0,0,0,0,0,0,0,1,-1,0,0,0,0,0,-1,1,0,0,0,0,0,0,0,0,0,0,0,0,-1,0,0,0,0,0,1,0,0,1,0,0,1,0,0,0,0,0,0,0,0,0,-1,0,0,0,1,0,0,0,1,1,0,0,0,0,1,0,0,-1,0,0,0,0,0,-1,1,0,0,0,-1,0,0,1,0,0,0,-1,0,-1,0,0,0,0,0,-1,0,0,0,-1,0,0,0,-1,1,0,0,0,0,0,0,1,0,0,0,0,0,0,0,0,0,0,0,0,0,1,1,0,0,0,0,0,0,0,0,0,0,0,1,0,0,0,-1,0,0,0,0,0,-1,0,1,1,0,0,0,0,0,0,0,0,0,0,1,0,0,0,0,0
"Gene 92",0,0,0,0,0,0,0,1,0,0,0,0,0,0,1,0,0,0,0,0,0,0,0,0,0,0,1,0,0,0,0,-1,0,-1,0,0,0,-1,0,0,0,0,1,0,0,0,0,0,0,-1,-1,0,0,0,0,0,0,0,0,0,0,-1,0,0,0,0,1,-1,0,0,0,0,0,0,1,1,-1,0,0,0,0,-1,0,0,1,0,1,0,0,0,0,0,0,0,0,0,0,0,0,-1,0,0,0,0,0,0,0,0,0,0,0,0,0,0,1,0,0,0,0,0,0,0,0,0,0,0,1,-1,-1,0,0,0,0,0,1,-1,0,0,0,0,-1,-1,-1,0,1,0,0,0,0,0,-1,0,0,0,0,0,0,0,0,0,0,1,0,1,0,-1,0,0,0,0,0,0,0,0,-1,0,0,0,-1,-1,0,0,0,0,0,0,-1,0,0,0,1,0,0,-1,0,1,0,0,0,0
"Gene 93",0,0,0,0,1,1,0,0,0,0,-1,-1,0,1,0,-1,0,0,0,0,1,0,0,-1,0,0,0,0,0,0,-1,1,-1,1,0,0,0,0,0,0,1,0,0,-1,0,0,-1,-1,0,0,-1,0,0,0,0,-1,0,0,0,0,0,0,0,0,0,1,0,0,-1,1,0,0,0,1,0,0,0,-1,0,1,0,0,1,0,-1,0,0,0,0,0,1,0,0,0,0,0,0,-1,0,0,0,0,1,1,0,0,0,0,0,1,0,0,0,0,0,1,0,-1,0,0,0,-1,0,0,0,0,0,1,1,-1,1,0,0,0,0,0,0,0,1,0,0,0,0,1,0,0,0,0,0,0,0,-1,0,0,1,0,0,0,0,-1,0,0,0,0,0,0,0,0,0,0,0,0,0,0,0,0,0,1,0,0,0,0,0,1,0,0,0,0,0,0,0,0,0,0,0,0,0,0,-1,1
"Gene 94",0,0,0,0,0,0,-1,0,0,0,0,1,0,0,0,1,0,0,-1,0,1,0,0,0,0,0,0,-1,0,0,0,1,0,0,0,0,-1,0,0,0,0,0,1,0,0,0,0,0,0,-1,0,0,0,0,0,0,0,0,0,0,0,0,0,-1,0,0,0,0,-1,1,0,0,0,0,0,0,0,0,-1,0,0,0,0,0,0,0,-1,0,0,0,1,0,0,0,0,0,0,0,0,0,0,1,0,0,0,0,0,-1,0,0,0,0,0,-1,1,0,0,0,-1,0,0,0,0,0,1,-1,0,0,1,1,0,0,0,0,0,0,0,0,0,0,0,0,1,0,0,0,0,0,0,0,0,0,1,0,0,1,0,0,0,0,0,0,0,-1,0,0,0,0,0,0,0,0,0,1,0,0,1,0,0,0,0,0,0,0,0,1,0,0,0,0,0,0,0,0,-1,0,0,0,0,0
"Gene 95",1,0,1,0,0,0,0,1,0,0,1,0,0,1,0,0,1,-1,0,0,1,0,0,0,0,1,0,1,0,0,0,0,0,0,0,0,0,0,0,0,0,0,0,0,0,0,0,0,0,0,-1,0,0,0,0,0,0,0,1,0,0,1,0,0,0,0,0,0,0,-1,0,0,0,0,0,0,0,0,0,0,0,0,0,0,-1,0,0,0,0,0,0,0,0,0,0,0,0,1,0,0,0,1,-1,0,0,1,-1,0,0,0,0,0,-1,0,0,0,0,0,0,0,0,0,-1,-1,0,0,0,0,0,0,-1,0,0,0,-1,-1,0,0,0,0,-1,0,0,0,0,0,0,-1,1,0,0,0,0,0,0,0,0,0,0,0,0,-1,-1,0,0,0,0,0,0,1,0,1,0,0,0,0,1,0,0,0,1,-1,0,0,0,0,0,0,0,0,0,-1,0,0,0,0,0,1,0,0
"Gene 96",0,0,0,0,0,0,0,1,0,1,0,0,0,0,0,0,-1,0,0,0,1,0,-1,0,1,0,-1,0,0,0,0,0,0,0,1,0,0,0,0,0,-1,0,-1,0,0,0,0,0,0,0,0,0,0,0,0,0,0,0,0,0,0,0,0,1,0,-1,0,1,0,0,0,0,0,0,0,0,0,0,0,0,0,0,0,0,0,0,0,0,0,0,0,0,0,0,0,0,0,0,0,0,0,1,1,0,0,0,0,0,0,0,0,0,0,-1,0,0,0,0,-1,1,0,0,0,0,0,0,0,0,0,0,0,0,0,0,0,0,0,0,-1,0,0,-1,0,1,-1,0,-1,0,0,0,0,0,1,0,0,0,0,0,-1,0,0,0,0,0,0,0,0,-1,-1,0,0,0,0,-1,-1,0,0,1,0,0,0,1,0,-1,0,0,0,0,0,1,0,0,0,0,0,0,-1,0,0,-1
"Gene 97",0,-1,1,0,0,0,0,0,0,1,0,0,0,0,0,-1,0,0,0,0,-1,0,0,-1,0,0,0,0,0,0,-1,0,0,0,1,0,0,1,-1,0,0,0,0,-1,0,0,0,0,0,-1,1,0,0,0,-1,0,0,1,0,1,0,0,0,0,0,0,0,-1,0,0,0,0,0,0,0,0,0,0,0,0,1,0,0,1,0,0,0,0,0,-1,0,0,0,0,0,0,0,0,0,0,0,0,0,0,0,0,0,0,0,1,0,0,0,-1,0,0,0,0,-1,0,0,0,0,0,0,0,0,0,0,0,0,-1,0,0,-1,0,1,0,0,0,0,-1,-1,0,0,0,0,0,0,0,-1,-1,0,0,0,0,-1,0,0,0,1,0,0,0,0,0,0,0,0,0,0,0,0,0,0,0,0,0,1,-1,0,0,0,0,0,0,0,0,0,0,0,0,0,0,0,0,0,0,-1,1
"Gene 98",0,0,0,0,0,0,0,0,0,0,0,-1,0,0,0,1,0,0,0,0,0,1,0,0,-1,0,-1,0,0,0,0,0,-1,0,0,1,0,0,0,1,0,0,0,0,0,1,0,1,0,1,0,1,0,0,0,0,1,-1,0,0,0,0,0,0,0,0,0,0,0,0,0,-1,0,-1,0,0,0,0,0,0,-1,0,-1,0,0,1,1,0,0,0,0,0,-1,0,1,0,0,0,0,0,0,1,0,-1,0,0,0,0,0,1,0,0,0,0,0,0,-1,0,0,0,0,0,0,0,0,0,0,0,0,-1,0,0,0,0,1,1,-1,0,0,1,0,0,0,0,0,0,-1,0,1,0,0,0,0,0,0,1,0,0,0,0,0,0,-1,0,0,0,0,0,0,-1,0,0,0,0,0,0,-1,0,0,1,1,0,0,0,0,0,0,0,0,1,0,0,0,1,1,0,0,0,1,1
"Gene 99",0,0,0,-1,0,0,1,0,0,0,1,0,0,0,-1,0,0,0,0,0,1,0,0,0,0,1,0,0,0,0,0,1,0,1,0,0,0,0,0,0,0,0,0,-1,-1,0,1,-1,0,0,1,0,0,-1,0,0,0,0,0,0,0,0,0,0,-1,0,0,0,0,0,0,0,0,0,0,0,-1,1,0,0,0,0,0,1,0,0,-1,0,0,0,1,0,0,0,0,0,0,0,0,0,0,0,0,0,0,-1,0,0,-1,0,0,0,0,0,0,0,0,0,0,0,0,-1,0,0,0,0,0,-1,0,0,0,0,0,1,1,0,0,-1,0,0,0,0,0,0,0,0,0,0,-1,1,0,0,0,0,0,-1,0,0,0,1,0,0,0,0,-1,0,0,1,0,0,0,0,0,0,0,0,0,0,-1,0,0,0,0,0,0,0,0,1,0,0,0,1,0,1,1,0,0,1,0,0
"Gene 100",0,0,0,0,-1,0,0,0,0,0,0,0,1,0,0,0,0,0,1,0,-1,0,0,0,0,0,0,0,0,0,0,0,0,0,0,0,0,0,0,-1,0,0,0,0,-1,0,0,0,0,0,-1,0,0,0,0,-1,0,0,0,-1,0,0,0,0,0,0,0,0,0,-1,0,0,0,0,-1,0,0,0,0,-1,0,0,0,1,0,1,0,0,0,0,0,-1,0,0,0,0,0,0,0,0,0,1,0,0,0,1,0,0,0,0,0,0,0,0,0,0,-1,0,0,0,1,0,0,0,0,0,0,1,0,0,-1,0,1,0,0,1,0,0,0,0,0,0,1,0,0,-1,0,0,0,0,0,0,0,0,0,0,0,0,0,0,0,0,0,0,0,-1,0,0,-1,0,0,0,1,0,0,0,0,0,0,0,0,0,0,0,0,0,0,0,0,0,-1,0,-1,1,-1,0,0,0,0,0
"Gene 101",0,0,0,0,0,0,0,1,-1,0,0,0,0,-1,0,0,0,0,0,0,1,0,0,0,0,0,1,0,1,0,0,0,-1,0,-1,0,0,-1,0,0,1,0,0,0,-1,0,-1,0,0,0,0,0,0,0,0,-1,0,0,0,0,0,-1,0,0,1,0,0,0,-1,0,0,1,1,0,0,0,-1,-1,0,0,0,0,0,0,0,0,-1,0,0,0,0,0,0,0,0,0,0,0,0,0,0,0,0,0,0,0,0,0,0,0,1,0,-1,0,0,0,0,0,0,-1,0,0,0,0,0,0,0,0,0,1,-1,-1,0,0,0,1,0,0,-1,0,0,0,1,0,0,0,0,0,0,1,0,0,0,0,0,0,0,0,0,0,1,1,0,0,0,0,1,0,1,0,1,0,0,0,-1,0,0,-1,0,0,0,0,0,1,0,0,0,0,0,0,-1,-1,0,0,0,0,0,0,0,0
"Gene 102",0,0,0,0,0,1,1,0,0,0,0,0,0,0,0,1,0,0,0,0,0,0,0,0,0,0,0,0,0,0,0,0,0,0,0,0,0,0,0,0,-1,-1,0,0,-1,0,-1,0,0,1,0,0,1,-1,0,0,-1,0,0,0,0,0,0,0,0,0,0,0,0,0,0,0,0,0,0,0,0,0,0,0,0,0,0,0,0,0,0,0,0,0,-1,0,0,1,1,1,0,1,0,1,0,0,0,0,0,0,0,0,-1,1,0,0,0,0,-1,0,0,1,0,0,0,0,0,0,0,0,0,0,0,0,0,0,1,0,0,0,0,-1,0,0,0,0,0,0,0,0,0,0,-1,0,1,0,0,0,1,1,0,0,0,-1,0,0,0,0,-1,1,0,0,0,0,0,-1,0,0,0,0,0,0,0,0,0,1,-1,0,0,0,0,0,0,0,0,0,0,0,0,0,0,1,0,0
"Gene 103",0,0,0,0,0,0,0,0,1,-1,0,0,-1,0,1,0,0,0,0,-1,0,0,0,0,0,1,0,0,0,0,0,0,0,0,0,-1,0,0,1,0,0,0,0,0,0,0,0,0,0,-1,0,0,0,0,1,0,0,0,0,0,0,1,0,0,0,0,0,0,0,0,1,-1,-1,0,0,-1,1,0,1,1,0,0,0,0,0,0,0,0,0,0,0,0,1,0,-1,1,0,0,0,0,0,0,0,-1,0,0,0,0,0,0,0,0,0,0,0,0,0,0,0,0,-1,0,0,0,0,0,0,1,0,0,0,-1,0,1,0,0,0,0,1,0,0,0,0,0,1,0,0,0,0,0,0,1,0,1,0,0,0,-1,0,0,1,0,0,0,0,0,0,0,0,0,0,1,0,0,0,0,0,0,0,0,1,0,0,0,0,0,0,1,0,0,0,0,1,-1,1,0,1,0,0,-1
"Gene 104",0,0,0,0,0,0,0,0,0,0,0,0,-1,0,0,0,0,-1,0,1,0,0,1,0,0,0,0,-1,-1,0,0,0,0,-1,0,-1,0,0,0,0,0,0,0,1,0,0,0,0,0,0,0,1,0,1,0,0,-1,-1,0,0,0,0,-1,0,0,1,0,0,0,0,0,0,0,-1,0,-1,0,-1,1,0,0,0,0,-1,0,0,0,0,0,0,0,0,1,0,0,0,0,-1,0,0,0,0,-1,0,0,0,-1,0,0,-1,0,0,0,0,-1,0,0,-1,0,0,0,0,-1,0,0,0,0,0,0,0,0,0,0,1,1,0,0,0,0,0,0,0,0,-1,-1,0,0,0,0,1,0,-1,0,1,0,0,0,0,-1,1,0,1,0,0,0,0,0,0,-1,0,0,0,0,0,0,0,0,0,0,0,0,0,0,-1,0,0,0,0,0,0,0,0,0,1,0,1,0,1,-1,0
"Gene 105",0,-1,0,0,0,0,0,-1,0,0,0,0,-1,-1,0,-1,0,0,0,0,-1,0,0,-1,0,-1,0,0,0,0,0,1,0,0,0,0,-1,0,0,0,0,0,0,0,0,0,-1,-1,0,0,0,0,0,-1,0,0,0,0,0,0,0,1,0,0,1,0,-1,-1,0,0,0,0,0,-1,0,0,0,0,-1,0,0,1,0,0,-1,0,0,1,0,1,0,0,0,0,0,0,0,0,0,0,0,0,0,0,0,0,1,1,0,0,0,0,-1,-1,0,0,0,0,0,0,0,0,1,0,0,1,0,-1,1,-1,0,0,0,0,0,0,0,1,0,0,1,0,0,-1,0,0,0,0,0,1,0,0,0,0,1,0,0,-1,1,0,0,1,0,1,0,1,0,1,0,0,0,0,0,0,-1,0,0,0,0,0,0,0,0,0,0,0,0,0,0,0,-1,0,0,0,0,1,0,1,0,0
"Gene 106",1,0,1,0,0,0,0,0,-1,0,0,0,0,0,0,0,-1,0,-1,0,0,0,0,0,0,0,-1,0,0,0,0,0,0,-1,1,-1,1,0,0,-1,0,0,0,0,0,0,0,0,0,0,0,0,0,1,0,0,0,0,0,0,0,0,0,-1,1,0,0,-1,-1,0,0,0,0,0,0,0,0,0,0,0,0,0,0,0,0,-1,0,0,0,0,0,0,0,0,1,0,0,0,-1,1,0,0,0,0,0,0,0,0,0,0,0,0,-1,0,0,0,1,1,-1,-1,0,0,0,0,0,0,0,0,0,0,0,0,0,1,1,0,-1,0,0,0,0,0,0,0,0,0,0,0,0,0,0,0,0,0,0,0,0,0,0,0,0,1,0,0,0,0,0,0,0,0,0,0,0,0,0,0,0,0,0,0,-1,0,0,0,0,0,0,0,0,0,0,0,0,0,0,0,0,0,-1,0
"Gene 107",0,0,0,0,0,0,0,0,-1,-1,0,0,0,-1,1,0,0,0,0,-1,0,-1,0,1,1,0,0,0,0,0,1,0,0,0,0,0,0,0,0,0,0,-1,1,0,0,0,-1,0,0,-1,0,0,0,0,0,-1,0,0,0,0,0,0,-1,1,0,0,0,1,0,0,0,0,1,1,-1,-1,0,-1,0,0,0,0,1,0,0,0,0,0,1,0,0,0,0,0,-1,0,0,0,0,0,0,0,0,-1,1,0,0,0,0,0,0,0,0,0,0,0,0,0,0,0,0,0,0,0,-1,0,0,0,0,0,0,0,0,0,-1,0,0,0,0,0,0,0,-1,0,0,0,0,0,0,0,0,0,0,0,0,0,0,1,0,0,0,0,0,-1,1,0,0,0,0,0,0,0,0,0,0,0,0,0,-1,0,0,0,0,-1,-1,0,0,0,0,0,0,0,0,-1,1,0,0,0,0,-1
"Gene 108",0,0,0,0,0,0,0,0,0,0,-1,0,0,0,1,0,0,0,0,1,0,0,0,-1,0,-1,0,-1,0,0,0,0,0,0,0,0,0,0,1,0,0,0,0,1,0,0,0,0,0,0,1,1,0,-1,0,0,0,0,0,0,0,1,0,-1,1,0,0,0,0,1,0,0,0,-1,-1,0,0,0,0,0,0,0,1,0,0,-1,0,0,0,0,-1,0,0,-1,0,0,0,0,0,0,0,0,0,0,1,0,0,0,-1,0,1,0,0,0,0,0,1,1,0,0,0,0,0,0,0,0,0,-1,0,0,0,0,0,0,1,0,1,0,-1,0,0,0,0,0,0,0,0,0,0,0,0,0,0,0,0,-1,0,0,0,0,0,0,0,0,1,0,0,0,0,0,0,0,1,0,-1,0,1,0,0,0,0,0,0,0,0,1,0,0,0,0,0,0,1,0,1,0,0,0,-1,1
"Gene 109",0,0,0,0,0,1,-1,-1,1,0,0,0,0,-1,0,0,0,0,0,0,0,0,0,1,0,-1,0,0,0,0,0,0,0,0,-1,0,-1,0,0,0,0,0,1,1,0,0,0,0,0,0,0,0,0,0,0,0,0,0,0,0,0,0,0,0,0,1,0,0,0,0,0,0,0,0,0,0,0,0,0,0,0,0,-1,0,0,0,0,0,0,-1,1,0,0,0,0,0,0,0,-1,0,0,-1,0,0,0,0,0,-1,0,0,0,-1,0,-1,0,0,0,0,-1,0,-1,0,0,0,0,0,0,0,0,0,0,0,0,1,0,0,0,0,-1,0,1,0,0,0,0,-1,0,0,0,0,1,0,0,0,-1,0,0,0,0,0,1,0,0,0,0,1,1,1,0,0,0,0,-1,0,0,-1,-1,0,0,0,1,1,-1,0,0,0,0,0,1,0,0,0,-1,0,0,0,-1,1,0,0
"Gene 110",0,0,0,0,0,0,0,0,0,0,0,0,0,0,0,0,0,0,0,0,0,0,0,0,0,0,-1,0,-1,0,0,0,-1,0,-1,0,0,0,1,0,0,0,0,0,0,0,0,0,0,0,0,0,0,0,0,0,0,0,0,1,0,0,0,0,0,-1,0,-1,0,0,0,0,0,0,1,0,0,0,0,0,0,0,-1,0,0,0,0,0,1,0,0,0,1,0,0,0,1,1,0,0,0,1,0,-1,0,0,0,0,0,0,0,0,0,0,0,0,-1,0,0,0,0,0,0,0,0,1,0,0,0,0,0,0,0,0,0,0,0,0,0,-1,0,0,-1,0,0,0,0,-1,0,0,0,0,1,0,0,0,1,0,0,-1,0,0,0,0,0,0,0,0,-1,0,0,0,0,0,0,0,0,0,0,0,0,-1,0,1,0,0,-1,0,0,0,-1,1,0,0,0,0,0,0,1,0
"Gene 111",-1,-1,0,0,0,-1,0,0,0,1,-1,-1,0,0,-1,0,0,0,0,-1,0,0,0,-1,1,-1,0,-1,0,0,1,0,0,0,0,1,0,0,0,0,0,0,0,0,0,1,0,0,-1,0,0,0,0,0,0,0,0,0,1,-1,0,1,0,0,0,0,0,0,0,0,0,0,0,0,0,0,0,0,0,0,0,0,0,0,0,0,0,1,0,-1,0,0,0,0,0,0,0,0,0,0,1,0,0,0,0,0,0,1,0,0,0,-1,0,0,1,0,0,0,1,0,0,0,0,0,0,0,-1,0,0,0,1,0,0,0,0,0,0,0,0,0,0,0,1,0,1,0,0,0,0,0,0,-1,0,0,0,0,0,0,0,1,0,0,0,0,1,-1,0,0,0,1,-1,0,0,0,0,0,0,0,0,0,0,0,0,0,0,1,0,0,0,0,0,0,-1,-1,1,0,0,0,-1,0
"Gene 112",0,0,1,1,0,1,-1,-1,0,0,0,0,-1,0,0,0,1,0,0,0,0,1,0,0,0,0,0,0,0,1,0,0,0,-1,0,0,0,0,0,0,1,0,-1,0,0,0,-1,0,-1,1,0,0,0,1,0,0,0,0,0,0,0,0,0,0,0,0,-1,-1,-1,0,1,-1,0,1,-1,0,0,0,1,0,0,0,0,1,0,-1,-1,0,-1,0,0,0,0,0,0,0,0,0,0,0,0,0,0,0,0,0,0,0,-1,0,-1,0,-1,0,0,0,-1,0,0,0,0,0,0,0,0,0,0,0,0,0,0,-1,-1,0,0,0,0,0,0,0,-1,0,0,1,0,0,0,0,0,0,1,0,0,0,0,0,0,0,0,0,0,1,0,0,0,-1,0,1,0,0,0,0,0,0,0,0,0,0,0,1,0,0,0,0,0,0,0,0,0,-1,0,0,0,0,0,0,0,0,0,0
"Gene 113",1,-1,-1,0,1,0,0,0,0,0,0,0,0,0,1,0,0,0,1,-1,0,0,-1,0,-1,0,0,0,0,0,0,0,0,0,0,0,0,0,0,0,-1,1,0,0,1,0,0,0,0,1,-1,0,0,1,0,0,0,0,0,1,0,1,-1,0,0,-1,-1,0,0,1,0,1,0,0,0,0,-1,0,0,0,0,-1,-1,-1,0,0,0,0,0,-1,-1,0,0,0,-1,0,0,0,0,0,-1,0,0,0,-1,-1,0,0,0,0,0,-1,0,0,0,0,0,0,1,0,0,0,0,0,0,0,0,0,0,0,-1,0,1,1,0,0,0,0,0,0,0,0,0,0,0,0,0,-1,0,0,0,-1,0,0,0,1,0,0,1,0,0,0,0,-1,0,0,0,0,0,0,1,0,0,0,0,0,0,0,0,0,0,0,0,0,0,0,0,0,0,0,0,1,0,0,0,0,0,0,0,-1
"Gene 114",1,0,0,0,0,0,0,-1,0,0,0,0,0,0,0,0,0,0,-1,0,1,0,0,0,0,0,0,0,0,0,0,0,0,0,0,-1,0,0,0,0,0,0,0,0,1,0,0,0,0,0,-1,0,0,1,1,0,0,0,-1,0,0,1,0,0,0,0,0,0,0,0,0,0,0,0,0,0,0,0,-1,0,0,0,0,0,0,0,0,0,0,0,0,0,0,-1,0,-1,-1,0,0,0,0,0,0,0,-1,0,0,0,-1,0,0,0,0,0,1,0,1,1,1,0,0,1,0,0,0,0,0,0,0,0,-1,0,1,0,-1,0,0,0,0,0,0,0,0,0,0,0,0,-1,0,0,1,0,0,0,0,0,0,0,0,0,1,0,0,0,0,0,0,0,0,1,1,0,0,0,0,0,0,0,0,0,0,0,0,0,-1,0,0,0,0,0,0,1,0,0,0,0,0,-1,0,1
"Gene 115",0,0,0,0,0,-1,0,0,0,0,0,0,0,0,0,1,1,0,0,0,0,0,0,0,0,0,0,0,0,0,0,0,1,1,0,0,0,1,0,0,1,0,0,0,0,0,0,0,0,0,0,0,0,0,0,0,0,0,-1,1,-1,0,0,0,-1,0,0,0,1,1,0,0,-1,0,0,0,0,0,0,0,0,0,0,0,0,0,1,0,0,0,0,1,0,1,0,0,0,0,0,0,0,-1,0,-1,0,0,0,0,0,0,1,0,0,1,0,0,-1,0,0,0,0,0,1,0,-1,0,0,0,0,0,0,0,0,0,0,0,0,0,1,0,0,1,0,0,1,0,1,-1,-1,-1,1,0,0,0,0,0,0,0,0,0,0,-1,0,0,-1,0,0,0,-1,0,0,0,0,0,0,0,0,0,0,0,0,1,0,0,0,0,0,-1,0,0,-1,0,0,0,0,0,0,-1,0,-1
"Gene 116",0,0,0,0,1,-1,0,-1,-1,0,0,0,-1,-1,0,0,1,0,0,0,0,0,0,0,0,1,0,0,-1,0,-1,0,1,0,1,0,0,0,0,1,-1,0,0,0,0,0,1,0,0,0,0,-1,1,0,0,0,0,0,0,0,0,0,0,0,0,0,0,0,0,1,1,0,0,0,0,0,0,0,0,0,0,0,0,0,0,0,0,0,0,0,1,0,1,0,0,0,0,0,0,0,0,0,0,0,0,0,0,0,0,0,0,0,0,0,0,0,0,0,0,0,0,0,0,0,1,-1,1,0,-1,0,0,0,0,0,0,-1,1,0,0,0,0,-1,0,0,0,-1,0,1,0,0,-1,-1,0,0,0,0,0,-1,0,0,1,0,0,0,0,0,0,0,0,0,0,-1,0,0,0,0,-1,0,0,0,0,0,1,1,0,0,-1,0,-1,0,1,0,0,0,-1,0,0,0,0,0
"Gene 117",0,0,-1,0,0,0,0,0,0,0,0,0,0,0,0,0,0,0,0,1,0,0,-1,0,0,0,0,0,0,0,0,0,0,0,1,0,0,-1,0,0,0,0,0,1,0,0,0,0,0,0,0,1,1,0,0,0,0,0,0,0,0,0,0,0,0,1,0,0,0,0,0,0,0,1,0,0,0,0,1,1,0,1,0,1,0,1,0,0,0,0,0,0,0,0,0,0,0,-1,0,-1,0,0,0,0,0,1,0,1,0,-1,0,-1,0,1,-1,0,0,0,0,0,1,0,0,0,0,0,1,-1,0,0,0,0,0,0,0,0,-1,0,0,0,0,0,0,1,0,0,0,0,0,0,0,0,0,0,0,0,0,0,0,1,0,0,0,0,0,0,0,-1,0,0,0,0,-1,0,0,0,-1,0,0,0,1,0,1,0,0,-1,0,0,-1,0,-1,0,0,0,0,0,0,0,0,1
"Gene 118",0,0,0,0,0,0,0,0,1,-1,0,0,0,0,0,0,0,0,1,-1,0,0,0,0,0,0,0,1,0,0,0,0,-1,0,0,0,0,0,0,0,0,0,1,0,0,0,0,0,0,-1,0,0,-1,0,0,0,0,0,0,0,1,1,0,0,-1,0,0,0,0,0,0,0,0,0,0,0,-1,0,1,0,0,-1,-1,0,0,-1,0,0,0,0,0,0,-1,0,0,0,0,0,0,0,0,1,0,-1,0,1,0,1,0,0,0,0,0,1,0,0,0,0,0,0,0,0,0,0,0,0,0,0,0,1,0,0,1,0,0,-1,0,0,0,1,0,0,0,0,0,0,0,0,0,0,0,0,-1,0,1,0,0,1,0,0,-1,0,0,0,0,0,0,1,0,0,0,0,0,0,0,0,0,0,1,1,0,0,0,0,0,1,0,0,0,0,0,0,0,0,0,0,0,1,-1,0
"Gene 119",0,0,0,0,0,0,0,0,0,1,-1,0,0,0,0,0,-1,0,0,0,-1,0,0,-1,-1,0,0,0,0,1,0,0,0,-1,0,0,0,0,0,0,0,0,0,0,1,0,0,1,0,-1,0,-1,-1,0,0,0,0,1,0,0,-1,0,0,0,-1,0,1,0,0,0,0,1,0,1,0,0,0,0,0,0,0,0,0,0,0,0,0,0,0,0,0,0,0,-1,0,-1,-1,0,0,0,0,0,0,0,0,-1,0,0,-1,0,1,0,1,1,0,0,0,0,0,0,0,0,0,0,0,0,0,0,0,0,0,0,0,0,0,0,0,0,-1,0,-1,0,0,0,0,0,0,0,-1,0,0,0,0,0,0,0,0,0,0,0,0,0,0,0,0,0,1,0,0,1,0,0,-1,0,0,0,0,0,-1,0,0,0,0,0,0,1,0,0,0,0,0,1,0,0,0,1,0,0,0,0
"Gene 120",0,0,0,0,1,0,0,0,0,0,-1,0,-1,0,0,0,0,0,0,0,0,1,0,0,0,0,0,0,1,0,0,0,0,1,-1,0,0,0,0,0,0,0,0,0,0,0,0,0,0,1,0,0,0,-1,0,1,0,1,0,0,0,0,-1,0,0,0,0,0,-1,0,1,0,0,0,0,0,0,0,0,1,-1,-1,0,0,0,0,-1,0,0,1,-1,0,0,0,0,1,0,0,0,0,-1,0,0,0,0,-1,0,0,0,0,0,0,0,0,0,0,0,0,0,0,0,0,0,0,0,0,0,-1,0,0,0,0,1,0,0,1,0,-1,0,0,0,0,0,0,0,0,0,0,-1,-1,0,-1,0,0,0,0,0,0,0,0,0,0,0,0,0,0,0,0,1,0,1,0,0,-1,-1,0,1,-1,-1,-1,0,0,0,0,0,0,0,-1,0,-1,0,0,0,1,0,0,0,0,0,0
"Gene 121",1,0,0,0,0,0,1,-1,0,0,0,0,0,-1,0,1,-1,0,0,0,-1,1,-1,0,0,-1,0,0,0,1,0,0,0,0,0,0,0,0,1,0,0,0,0,0,0,1,0,0,0,0,0,0,0,1,0,0,0,0,0,0,0,0,1,0,0,1,0,0,1,0,1,0,0,1,-1,0,0,0,0,0,0,0,0,0,-1,0,1,0,0,0,0,0,0,0,0,0,0,0,0,1,0,0,-1,0,0,0,0,0,-1,0,0,0,0,0,0,0,1,0,0,0,0,0,0,0,1,0,0,0,-1,0,0,0,0,-1,0,0,0,-1,-1,1,0,0,0,0,0,0,0,1,-1,0,0,0,0,0,-1,0,-1,0,0,0,-1,0,0,0,0,0,0,0,0,0,-1,-1,1,-1,0,-1,0,0,0,0,0,0,0,0,0,0,0,0,0,0,0,0,0,1,0,0,0,0,0,0
"Gene 122",0,0,0,0,0,-1,0,0,0,0,0,0,0,0,0,0,1,0,0,0,0,0,0,0,0,0,0,0,0,0,0,0,0,-1,1,0,1,0,0,0,-1,0,0,0,0,0,0,0,0,0,0,0,0,0,0,0,0,0,1,0,0,0,1,0,0,0,0,0,0,0,0,0,0,0,0,0,-1,0,0,0,0,0,0,0,1,0,-1,0,0,1,-1,0,-1,0,0,0,0,0,-1,0,0,0,0,0,0,0,0,0,0,0,0,0,0,1,0,0,0,0,0,0,0,0,0,0,0,-1,0,-1,0,0,0,0,-1,0,1,0,1,0,0,0,0,0,-1,-1,0,0,-1,0,1,0,0,-1,0,0,0,0,0,0,0,-1,0,0,0,0,-1,0,0,0,0,0,1,0,0,1,-1,0,1,-1,0,0,0,0,1,0,0,1,0,0,0,0,0,1,0,0,0,1,0,0,0,1
"Gene 123",0,0,0,0,0,0,0,0,0,0,1,0,0,-1,0,-1,0,1,0,0,0,1,1,0,0,0,0,-1,0,-1,0,0,0,0,0,0,0,-1,1,-1,0,0,0,0,0,0,0,1,0,0,0,0,0,-1,-1,0,0,0,0,1,0,0,0,0,1,0,0,0,0,0,0,0,0,0,-1,0,0,0,0,0,0,0,0,0,0,-1,-1,0,-1,0,0,0,0,0,-1,0,0,0,0,0,0,0,0,-1,1,0,0,0,0,0,0,0,0,0,1,0,0,0,0,0,0,0,0,0,0,0,0,0,0,0,1,0,0,0,-1,-1,0,0,0,0,0,1,0,0,0,0,0,0,0,0,0,1,0,0,0,1,0,0,0,0,-1,0,0,0,0,0,0,0,0,0,0,0,0,0,0,0,0,0,0,0,0,0,0,0,0,0,0,0,0,0,0,0,0,0,0,0,0,-1,0,0
"Gene 124",1,-1,0,0,0,0,1,1,1,-1,0,0,0,0,0,0,0,0,-1,0,0,0,0,0,0,1,0,0,0,0,0,0,0,0,0,0,1,0,0,0,0,1,0,0,0,0,0,0,0,0,0,0,0,0,1,0,0,0,0,0,1,1,0,0,1,1,1,0,0,0,0,-1,0,1,0,0,0,0,1,0,0,0,0,-1,1,0,0,0,1,-1,0,0,0,0,-1,0,0,0,0,0,0,0,0,0,0,0,0,0,0,0,0,0,0,0,0,0,0,0,0,0,0,0,0,0,0,0,0,0,0,0,0,0,-1,0,0,0,0,1,0,-1,0,0,0,0,0,0,0,0,0,0,0,0,0,0,1,0,0,0,0,-1,0,0,0,0,1,0,0,-1,1,0,0,0,-1,0,0,0,1,0,0,-1,0,0,0,0,0,0,0,0,-1,-1,0,0,0,0,0,0,-1,0,0,0
"Gene 125",-1,0,0,0,0,1,0,1,1,0,0,0,0,0,0,0,0,0,0,0,0,0,0,0,-1,0,-1,0,0,1,0,0,0,0,0,-1,0,0,0,0,0,1,-1,0,1,0,0,0,0,0,0,1,0,-1,0,0,0,-1,0,0,0,0,1,0,0,0,0,0,0,0,0,0,0,0,-1,-1,0,0,0,0,0,0,0,0,0,-1,0,0,0,0,0,0,0,1,0,0,0,0,0,0,0,0,0,0,0,0,-1,0,0,0,0,0,0,0,-1,1,0,0,0,0,1,0,0,0,0,1,0,0,1,0,0,0,0,0,-1,0,0,0,0,0,0,0,0,0,0,0,0,0,0,0,0,0,0,0,1,0,0,1,0,1,0,0,-1,0,0,0,0,0,0,0,0,0,0,1,0,0,-1,0,0,0,0,0,-1,0,0,0,0,0,0,0,0,-1,1,0,0,0,0,0,0,0
"Gene 126",0,0,0,0,0,0,0,0,0,0,0,0,0,0,0,1,0,0,0,0,0,0,0,0,0,0,0,0,0,-1,0,1,0,1,0,0,0,0,0,0,0,0,0,0,0,0,0,0,0,1,0,0,0,1,0,0,-1,-1,0,0,0,0,1,0,0,0,0,0,0,0,0,1,0,0,0,-1,0,0,0,-1,0,0,-1,0,1,0,0,-1,0,0,0,0,0,-1,0,0,0,0,0,0,0,0,0,0,1,0,0,0,0,1,0,0,0,0,0,-1,0,0,0,0,0,-1,0,0,1,0,0,0,0,0,0,0,0,0,0,0,0,0,-1,0,-1,0,0,0,0,0,0,0,0,1,0,0,0,-1,0,1,0,1,0,0,0,0,0,0,0,0,0,-1,1,0,0,0,0,0,0,0,0,0,-1,0,0,0,0,0,0,0,-1,0,0,0,0,0,0,0,0,0,0,0,0,0
"Gene 127",0,0,0,0,1,0,0,0,0,0,0,0,0,1,0,0,0,0,0,1,0,0,0,0,0,0,1,0,1,0,0,0,0,0,0,0,0,0,-1,0,0,-1,0,0,1,0,0,0,0,0,0,0,0,0,0,0,0,1,0,0,0,0,-1,0,0,0,-1,0,0,0,0,0,0,0,0,0,0,0,0,0,-1,0,0,0,0,0,0,0,0,0,0,1,0,0,0,0,0,0,0,0,0,0,0,0,0,0,0,0,0,0,-1,0,0,0,0,1,1,0,0,0,0,0,0,0,0,0,0,-1,0,0,0,0,-1,-1,-1,1,0,0,0,0,0,0,0,0,0,0,0,0,0,0,0,1,0,0,0,0,0,0,-1,0,0,0,0,0,-1,0,0,0,0,0,0,0,0,-1,1,0,0,0,0,-1,0,0,0,1,0,0,0,0,-1,0,0,1,0,0,0,0,0,0,0,0
"Gene 128",0,0,0,0,-1,-1,-1,0,0,0,0,0,0,0,-1,0,0,0,0,0,0,0,0,0,0,-1,0,0,0,0,0,0,-1,-1,0,0,0,-1,0,1,0,0,-1,-1,0,0,0,0,0,0,-1,0,-1,0,0,-1,0,-1,0,1,-1,-1,0,0,0,0,0,-1,0,0,0,0,0,0,0,0,0,0,0,0,0,1,0,1,0,0,-1,1,0,0,-1,-1,1,0,0,0,0,0,-1,1,0,0,1,0,-1,0,0,-1,0,0,0,0,0,0,0,0,-1,0,0,-1,0,-1,0,0,0,0,-1,0,0,0,0,0,0,0,0,0,0,0,0,0,0,1,0,0,0,0,0,0,0,0,0,0,0,0,0,0,0,0,-1,0,0,1,0,0,0,0,1,0,0,0,0,0,0,0,0,0,0,0,0,0,0,1,0,0,0,-1,0,0,1,0,0,0,0,0,0,1,0,1,0,0
"Gene 129",0,-1,0,0,0,0,0,0,-1,1,0,0,0,0,0,-1,0,0,1,0,0,0,0,0,0,0,0,0,-1,0,0,0,0,0,0,0,0,0,0,0,0,1,0,0,0,0,0,0,0,0,0,0,1,0,0,0,0,-1,0,0,0,-1,0,1,0,0,1,0,0,-1,0,0,0,0,0,0,0,0,1,1,0,-1,1,0,0,0,0,0,0,1,0,-1,1,1,0,0,0,0,0,0,0,0,0,0,1,0,0,0,0,0,0,0,0,0,0,-1,0,0,0,0,-1,0,0,0,1,0,0,0,0,0,1,-1,1,0,0,0,0,0,0,0,0,0,0,0,0,1,0,0,0,1,0,1,-1,1,0,1,0,-1,0,0,1,0,0,0,0,0,0,0,0,0,-1,0,0,1,0,0,0,1,0,0,0,0,0,0,-1,0,0,0,0,0,0,0,0,-1,0,0,0,0,0,1
"Gene 130",0,0,0,0,1,0,0,1,0,-1,0,0,0,0,0,0,1,0,0,0,0,0,0,0,0,0,-1,0,0,0,1,-1,1,0,0,-1,0,1,0,0,0,1,0,0,0,1,0,0,0,0,0,1,0,0,0,0,0,-1,0,0,0,0,1,-1,0,0,0,0,0,0,0,0,0,0,0,0,0,0,0,0,0,0,0,0,0,1,0,0,-1,0,0,0,-1,1,0,0,0,-1,0,0,1,0,0,0,-1,0,0,0,0,0,0,0,0,0,0,0,0,1,0,0,0,0,0,0,0,0,0,0,0,0,0,0,0,-1,0,0,0,0,0,-1,0,0,0,0,0,0,0,0,1,0,0,0,0,-1,0,0,0,0,0,0,-1,0,0,0,0,0,0,0,0,0,0,0,0,1,0,0,0,0,0,1,-1,1,1,0,0,0,0,1,-1,0,0,0,0,0,1,0,0,0,0,0
"Gene 131",0,0,0,1,0,0,0,0,0,0,0,0,0,0,0,0,0,-1,0,0,0,0,0,0,0,0,0,0,0,0,0,0,0,0,0,0,0,0,0,0,1,0,0,0,0,0,0,0,0,-1,0,0,0,0,0,0,0,0,0,0,0,0,0,-1,0,0,0,0,0,0,-1,0,0,0,-1,-1,0,0,1,0,1,0,0,0,1,0,0,0,0,-1,0,0,1,0,-1,0,0,0,0,-1,-1,0,0,0,0,0,0,0,0,0,1,0,-1,-1,0,0,0,0,0,0,0,0,1,0,0,0,0,0,1,0,0,1,0,-1,0,0,0,0,0,0,-1,-1,0,0,0,0,0,0,0,-1,1,0,0,1,0,0,-1,0,0,0,0,0,0,0,0,0,0,0,-1,0,0,0,0,0,-1,1,0,0,0,0,0,-1,0,0,1,1,0,0,0,0,0,0,0,0,0,0,0,0,1,0
"Gene 132",0,0,0,1,0,-1,0,0,0,0,1,0,0,0,-1,0,0,-1,-1,0,-1,0,-1,0,0,0,0,0,1,0,0,0,0,0,0,0,1,0,1,-1,0,1,0,0,-1,0,0,-1,-1,0,0,0,0,1,0,0,0,0,0,0,0,0,0,-1,0,0,0,0,-1,0,0,0,0,0,0,0,0,0,0,-1,0,0,1,0,0,0,0,0,0,1,-1,0,0,0,0,0,-1,0,0,0,-1,0,-1,0,0,0,0,0,0,0,0,-1,0,0,0,0,0,0,0,0,0,0,0,0,0,0,0,0,-1,0,1,0,0,0,0,-1,0,0,1,0,0,0,0,0,0,0,0,-1,-1,0,0,0,0,-1,0,0,1,0,0,0,-1,0,0,0,0,0,0,0,0,0,0,0,0,0,1,-1,0,0,0,0,0,0,0,0,0,0,1,-1,0,-1,0,0,0,1,0,0,1,0,0,0
"Gene 133",0,0,0,0,0,-1,0,0,0,0,0,0,0,0,1,0,0,-1,0,0,0,0,0,1,1,0,0,0,1,0,0,-1,0,-1,-1,-1,0,0,0,0,0,1,0,0,0,0,0,-1,0,0,0,-1,0,0,1,0,0,0,0,0,-1,1,0,0,0,0,0,0,0,-1,0,0,0,0,0,0,0,0,0,0,0,-1,0,-1,-1,0,0,0,0,0,0,0,0,0,0,0,0,0,0,1,0,1,0,0,0,0,0,0,0,0,0,-1,1,1,0,0,0,1,0,1,0,-1,0,-1,0,0,-1,0,1,0,0,0,0,1,1,0,-1,0,0,0,0,0,-1,0,-1,0,0,0,-1,0,0,0,0,0,0,0,0,0,0,0,0,1,0,1,0,0,0,0,1,0,0,0,0,1,0,0,0,0,0,0,0,0,0,0,1,0,0,0,0,0,0,0,1,0,0,0,0,0,0,0
"Gene 134",-1,0,0,0,0,0,0,-1,0,-1,0,0,0,0,0,0,-1,0,0,0,-1,-1,0,0,0,0,0,0,0,0,0,-1,0,0,0,0,0,0,0,0,0,0,0,1,1,0,1,-1,0,-1,1,0,0,0,0,0,0,0,1,0,0,0,0,0,0,-1,0,0,0,0,0,1,0,0,0,0,0,1,0,0,0,0,0,0,0,0,0,0,0,0,0,0,0,0,0,0,0,0,1,0,0,0,1,1,0,1,0,0,1,0,0,0,1,0,0,0,0,0,0,0,-1,0,0,0,0,0,-1,0,0,-1,-1,0,1,0,0,0,0,0,0,0,0,0,1,0,0,0,0,0,0,0,0,0,0,0,0,0,0,0,0,0,0,0,-1,0,0,-1,0,0,-1,0,0,0,0,0,0,0,0,0,-1,0,0,-1,0,0,0,0,1,0,0,0,-1,0,0,0,1,0,0,0,0,1
"Gene 135",0,1,0,0,0,0,-1,0,0,-1,0,0,0,0,1,-1,0,0,0,0,0,0,0,0,0,0,1,1,1,1,0,-1,0,0,0,0,0,0,0,0,-1,0,0,0,0,0,0,0,0,0,0,0,0,1,0,1,0,0,0,0,0,1,-1,0,0,0,0,-1,0,0,0,0,0,0,0,0,0,0,0,1,-1,1,-1,0,0,0,0,0,0,0,0,1,0,0,-1,0,-1,1,1,0,0,0,0,1,0,1,-1,1,0,0,0,0,0,-1,0,0,0,0,0,0,0,1,-1,0,-1,0,-1,0,0,0,0,0,1,0,0,0,0,0,0,0,0,1,-1,0,0,0,0,1,0,0,0,0,0,0,0,0,0,0,-1,0,1,0,-1,0,-1,0,0,0,0,0,0,0,0,0,0,0,-1,0,0,0,0,-1,0,0,-1,0,0,0,0,0,0,0,0,0,0,0,0,0,-1,0
"Gene 136",0,0,1,0,0,0,0,0,0,0,-1,0,-1,-1,0,0,0,0,0,0,0,0,1,0,0,0,0,0,-1,-1,0,0,0,0,-1,0,0,1,0,-1,0,0,-1,0,0,0,0,0,0,0,0,0,-1,0,0,0,0,1,0,0,0,0,0,0,0,1,-1,1,0,1,0,0,0,-1,0,0,0,0,0,0,0,0,1,0,1,-1,-1,0,0,0,-1,-1,0,0,-1,0,0,1,0,1,1,0,0,0,0,0,0,0,0,0,0,0,0,0,0,-1,0,-1,0,1,0,0,-1,0,0,0,1,0,0,0,0,-1,0,0,0,0,-1,0,0,0,0,0,0,1,0,0,0,0,0,0,0,0,1,0,1,0,0,0,0,0,0,0,0,1,0,0,0,1,0,0,1,-1,0,0,1,1,0,-1,1,0,0,0,0,1,0,0,0,0,0,0,0,0,1,1,0,0,0,0,0,0
"Gene 137",1,0,0,0,0,0,0,0,-1,0,1,1,0,0,0,0,0,0,-1,0,0,0,0,1,-1,0,-1,0,0,0,-1,0,1,1,0,0,0,0,0,0,0,1,1,0,0,-1,0,0,0,0,-1,0,0,0,-1,1,0,0,-1,0,0,0,0,0,0,0,-1,0,0,1,0,0,0,0,0,1,0,1,1,0,0,0,0,0,0,0,0,0,0,0,1,0,0,0,0,0,1,-1,0,0,0,0,0,0,0,-1,0,1,0,0,0,0,0,0,0,1,-1,0,0,0,0,1,0,0,0,0,0,0,0,0,0,0,-1,0,0,-1,0,-1,1,0,1,0,0,0,0,0,-1,0,0,1,0,1,0,0,0,0,0,0,1,0,0,0,0,0,0,0,1,0,0,0,0,0,-1,0,0,0,0,1,-1,0,0,0,0,0,0,0,0,0,1,0,0,0,0,0,1,0,0,0,0,0
"Gene 138",0,0,0,-1,0,-1,0,-1,-1,0,0,-1,0,-1,1,0,0,0,0,0,-1,-1,0,0,-1,1,0,1,1,0,0,0,0,0,0,-1,0,0,0,0,1,0,0,-1,0,1,0,0,-1,0,0,-1,0,-1,0,0,0,-1,0,0,-1,0,1,0,0,0,0,0,0,0,0,0,0,0,0,0,0,0,0,0,0,0,-1,1,0,0,0,0,-1,0,0,0,0,0,0,0,0,0,-1,0,0,-1,0,0,1,0,0,0,0,0,0,0,0,0,0,0,0,0,0,-1,-1,0,0,1,0,0,0,0,0,0,0,0,0,0,0,0,-1,0,0,0,-1,-1,0,1,0,-1,0,0,0,0,0,-1,0,0,0,0,0,-1,0,0,0,0,-1,0,0,-1,0,0,-1,0,0,0,0,0,0,0,0,1,0,0,0,0,0,0,-1,1,0,0,0,0,0,0,0,0,0,0,0,0,-1,0
"Gene 139",0,0,-1,0,-1,0,0,0,-1,0,0,0,1,0,0,0,0,1,0,0,0,0,0,0,-1,0,-1,0,0,0,1,0,-1,0,0,0,0,0,1,0,0,0,0,0,0,-1,0,1,-1,0,0,0,-1,-1,0,0,1,0,0,0,0,0,0,0,-1,0,0,0,0,0,0,0,0,-1,0,0,0,0,0,0,1,0,0,0,0,-1,0,0,0,-1,0,0,1,0,0,-1,0,0,0,0,-1,0,1,0,0,0,0,-1,-1,0,0,0,0,0,1,0,0,0,-1,0,-1,0,0,0,0,-1,0,0,0,0,0,1,0,0,0,0,1,0,0,-1,1,0,0,0,0,-1,-1,1,1,0,0,0,0,0,1,0,0,-1,0,0,0,0,0,0,0,0,0,0,-1,0,0,0,0,0,0,0,0,0,-1,0,0,-1,0,0,0,0,0,0,0,0,0,0,0,1,-1,0,0,0,0,0
"Gene 140",0,0,0,0,0,0,0,0,0,0,0,0,0,0,0,0,0,1,0,0,0,0,0,0,0,0,0,-1,1,0,0,1,0,0,0,0,0,0,1,1,0,0,0,0,0,0,1,0,0,0,0,0,0,0,0,0,0,1,1,0,1,0,0,0,0,0,0,-1,0,0,0,0,0,0,1,1,0,-1,0,0,0,0,0,-1,0,0,0,0,1,0,0,0,0,0,0,0,0,1,0,0,0,0,0,0,0,0,0,0,0,-1,0,0,0,0,0,0,0,1,0,0,1,0,0,-1,0,0,0,0,0,-1,0,0,0,0,0,0,0,0,-1,0,1,0,0,0,0,0,1,-1,0,-1,0,1,0,0,0,0,0,0,1,0,0,0,-1,0,0,1,0,0,0,0,0,0,1,0,1,0,0,0,0,1,0,0,0,-1,0,0,1,0,1,-1,0,0,0,0,0,0,0,0,0,0
"Gene 141",0,0,0,0,0,-1,0,-1,1,0,0,0,0,0,0,0,0,0,0,0,0,0,0,0,0,0,0,1,0,-1,0,0,0,0,0,0,0,1,-1,0,0,0,0,1,0,0,0,0,-1,0,0,1,1,1,0,0,0,0,1,0,0,0,0,0,0,0,-1,0,-1,0,0,0,0,0,0,0,0,0,0,0,0,0,-1,1,0,0,1,0,0,0,0,-1,0,0,-1,0,0,0,0,0,0,0,0,0,1,0,0,0,1,0,0,-1,0,0,0,0,0,0,-1,0,0,0,0,0,0,-1,0,0,0,0,-1,0,0,0,0,0,1,-1,1,1,0,0,0,0,0,0,-1,1,-1,0,0,0,0,0,0,0,0,0,0,0,0,-1,0,0,0,-1,0,0,0,0,0,0,0,0,-1,0,0,1,1,-1,0,1,0,0,0,-1,0,0,1,0,0,0,0,0,0,0,0,0,0,0
"Gene 142",0,0,0,0,0,-1,0,0,0,0,0,0,0,0,0,0,1,-1,0,0,0,0,0,0,0,-1,0,0,0,-1,0,0,0,0,1,0,-1,1,0,0,0,0,0,0,0,0,0,0,1,0,0,0,0,0,1,0,-1,0,0,0,0,0,0,0,0,0,0,0,0,0,1,0,0,0,0,-1,-1,-1,0,1,0,0,1,-1,0,0,0,1,0,0,0,-1,0,0,0,-1,-1,0,0,0,0,0,0,0,0,0,0,0,0,0,0,0,0,0,1,-1,0,0,0,0,0,0,1,0,0,0,0,1,0,0,-1,0,0,0,1,0,0,-1,0,0,0,0,0,0,-1,0,0,0,1,1,0,0,0,-1,0,0,0,-1,0,-1,0,0,0,0,0,0,0,0,0,0,0,0,0,0,-1,0,0,0,0,0,0,0,0,0,0,1,0,1,0,0,0,0,0,-1,-1,1,1,1,0,0
"Gene 143",0,0,0,0,0,0,1,0,0,0,-1,0,0,-1,0,0,0,0,0,0,0,1,0,0,0,-1,0,0,0,0,-1,0,0,0,-1,1,-1,0,0,0,0,0,0,0,0,0,0,-1,0,0,0,0,0,0,0,-1,0,0,0,0,0,-1,0,1,0,0,-1,0,0,0,0,0,1,0,0,-1,0,0,0,0,0,1,-1,0,0,0,0,0,0,0,0,-1,0,1,0,0,-1,0,0,1,1,0,0,0,0,0,-1,0,0,-1,1,0,0,0,0,0,0,0,0,0,0,-1,0,0,0,0,0,0,0,0,0,0,-1,1,-1,0,0,0,0,0,0,0,0,-1,0,0,0,0,0,1,1,0,0,0,0,0,0,0,0,0,0,0,0,0,0,0,0,0,-1,0,1,0,1,0,-1,-1,0,1,0,1,-1,0,0,0,0,0,1,-1,0,0,0,0,0,-1,-1,0,0,0,0,0
"Gene 144",0,0,1,0,1,0,0,0,0,0,0,0,0,0,0,0,0,0,0,-1,0,0,0,1,0,0,0,-1,0,1,0,0,0,0,0,-1,0,0,0,0,0,0,0,0,1,-1,0,0,0,-1,1,0,0,0,0,0,0,0,0,0,0,0,1,-1,-1,0,0,0,0,0,0,-1,0,0,1,0,-1,0,1,0,0,0,1,0,0,0,-1,0,-1,0,1,0,1,0,0,1,0,0,0,0,0,0,0,-1,-1,0,0,0,0,0,0,1,0,0,0,0,1,0,0,0,0,-1,0,0,0,0,0,0,0,0,0,0,0,0,0,1,0,1,0,0,0,0,-1,0,0,0,1,1,0,-1,0,0,0,0,0,0,0,0,0,0,0,1,-1,1,0,0,0,0,0,0,1,0,0,-1,0,0,0,0,0,0,-1,0,0,0,0,0,0,0,0,0,1,0,0,0,0,0,0,0,0,0
"Gene 145",0,0,0,0,1,0,1,1,0,-1,0,1,0,0,0,0,0,0,0,0,0,0,0,0,0,0,0,1,1,0,0,1,0,-1,1,-1,0,0,0,0,0,0,0,0,0,0,0,0,0,0,1,0,0,0,0,0,0,-1,0,0,-1,0,1,0,0,-1,0,0,0,-1,0,0,0,1,-1,0,0,0,-1,0,-1,0,-1,0,0,0,0,0,0,0,0,1,0,0,0,-1,0,0,0,0,0,0,1,-1,0,0,0,0,0,0,1,0,0,0,1,0,0,0,0,0,0,0,0,0,0,0,0,0,0,0,0,0,-1,0,0,0,0,0,0,0,0,-1,0,0,0,0,1,0,-1,0,0,0,-1,0,0,0,-1,0,0,0,0,0,0,0,0,0,0,0,0,-1,0,0,0,0,0,0,0,0,0,0,0,-1,0,-1,0,0,0,0,0,0,0,1,0,0,0,0,0,0,1,0
"Gene 146",-1,0,-1,0,0,0,-1,0,0,0,0,0,0,-1,0,0,0,0,0,-1,0,0,0,1,1,0,1,0,0,0,0,0,0,0,0,-1,0,0,0,0,0,0,0,0,0,0,0,0,0,0,0,0,1,-1,0,0,0,0,0,-1,0,0,0,0,1,0,0,0,-1,0,0,0,1,0,0,1,0,1,0,1,0,0,0,1,0,0,0,-1,0,0,0,0,0,0,0,0,0,0,0,-1,0,0,0,0,0,0,0,0,-1,0,0,0,0,0,0,-1,0,0,0,0,0,0,0,0,0,0,0,0,1,0,0,0,0,0,0,0,0,-1,-1,0,0,0,0,0,0,0,0,0,0,-1,0,0,0,0,0,0,-1,0,0,0,0,0,0,0,0,0,0,0,0,1,-1,0,0,0,-1,0,0,0,0,0,0,0,0,0,-1,0,0,0,0,0,0,0,0,0,0,1,1,0,-1,0
"Gene 147",0,0,-1,0,0,0,0,0,0,0,-1,0,-1,0,0,0,-1,0,1,-1,0,0,0,0,0,0,0,0,0,0,0,0,0,0,0,0,0,0,0,0,0,0,0,0,-1,-1,0,0,0,-1,0,0,0,0,0,0,0,0,0,0,0,0,0,0,-1,0,0,0,0,0,0,0,0,0,0,0,1,0,0,0,0,0,0,0,0,0,0,-1,-1,1,0,0,0,0,0,-1,0,-1,0,0,0,0,0,0,0,0,0,0,0,0,0,0,0,0,1,0,0,0,0,0,0,-1,0,0,0,0,0,0,0,0,0,0,0,0,0,0,-1,0,-1,1,-1,0,0,1,1,0,0,0,0,0,1,0,0,0,0,0,0,-1,0,0,0,0,1,0,0,0,0,0,0,0,0,-1,0,0,0,0,0,0,0,-1,1,0,1,0,-1,0,0,-1,0,1,1,0,0,0,0,0,0,0,0,0
"Gene 148",1,0,0,0,0,0,-1,0,0,0,0,0,0,0,0,0,0,-1,1,1,0,-1,-1,1,1,1,0,0,-1,0,0,0,0,0,0,0,-1,0,0,0,0,-1,0,0,-1,0,0,0,0,1,0,0,0,-1,0,-1,0,0,0,0,0,-1,1,0,0,1,0,0,0,1,0,-1,-1,0,-1,0,0,0,0,0,1,0,0,0,1,-1,0,0,0,1,0,0,0,0,-1,0,0,0,0,0,0,0,0,0,0,0,0,0,0,-1,0,0,-1,-1,-1,1,0,0,0,0,1,0,0,0,0,0,0,0,0,0,0,-1,0,0,1,0,0,0,1,-1,1,0,0,1,0,0,0,0,0,0,0,0,0,1,0,0,-1,0,1,0,0,0,0,0,0,0,0,0,0,0,-1,0,0,0,0,0,0,0,0,1,-1,-1,-1,-1,0,0,0,1,0,0,0,1,0,1,0,-1,0,0,0,0
"Gene 149",0,0,0,0,1,0,0,0,0,-1,1,0,0,0,-1,0,0,0,0,0,0,0,1,0,0,0,0,-1,0,1,1,0,0,0,0,0,0,0,0,0,0,0,0,0,0,0,0,1,1,1,0,0,0,0,0,1,0,0,0,0,0,0,0,1,0,0,0,0,0,0,0,0,-1,0,0,0,0,0,0,0,0,0,0,0,0,-1,0,0,0,0,0,0,0,0,1,0,0,1,-1,0,0,-1,0,0,0,0,0,0,0,0,0,0,0,0,-1,0,0,0,-1,-1,-1,1,0,0,0,0,0,0,0,1,0,-1,-1,0,0,0,0,0,1,0,-1,1,0,0,-1,0,0,0,0,0,0,0,0,0,0,0,0,0,0,0,-1,0,1,0,0,0,0,0,0,0,0,0,0,0,-1,0,0,0,0,0,0,0,0,0,0,0,0,0,-1,0,0,0,-1,0,-1,0,0,0,0,0
"Gene 150",0,0,1,0,0,0,0,1,0,0,-1,0,0,0,0,0,0,0,-1,0,1,-1,0,-1,0,0,0,0,0,0,0,0,0,0,0,0,0,-1,0,0,0,0,-1,1,1,-1,0,0,0,0,-1,0,0,0,0,1,0,0,1,0,0,0,0,0,0,0,0,0,0,0,0,-1,0,0,0,0,0,0,0,0,0,1,0,0,0,0,0,0,0,-1,0,0,0,0,0,0,0,0,1,0,1,0,0,1,1,0,0,0,0,0,0,0,0,0,-1,0,0,0,0,-1,0,0,0,0,0,1,0,0,1,0,-1,0,0,0,0,0,1,0,0,-1,0,1,1,-1,0,-1,0,0,0,0,0,0,0,0,0,0,0,0,0,0,0,-1,0,-1,-1,0,0,-1,0,0,0,-1,-1,0,0,1,1,0,0,0,0,0,1,0,0,0,1,0,0,0,-1,0,1,0,0,0,0,0,0,0
"Gene 151",0,0,0,0,0,0,0,-1,0,0,0,0,0,0,0,0,0,0,0,0,0,0,0,0,0,-1,-1,0,0,0,0,0,0,0,-1,0,1,0,0,0,0,0,0,1,0,-1,0,0,-1,1,-1,0,-1,0,0,0,0,0,0,0,0,0,1,0,1,-1,0,0,0,0,0,0,0,0,0,0,0,0,0,1,0,0,1,0,0,0,0,0,0,0,0,-1,0,0,0,0,-1,0,0,0,0,1,0,0,0,0,0,0,1,0,0,1,0,1,1,-1,0,0,0,0,0,0,0,0,0,0,0,0,0,0,1,0,0,0,0,0,0,0,0,0,0,0,1,0,0,0,1,0,0,0,0,0,-1,1,0,0,-1,0,0,0,0,0,-1,0,0,0,0,0,0,0,0,-1,0,0,-1,0,0,0,-1,0,1,0,0,0,0,0,0,0,0,0,1,0,0,0,-1,0,0,0,0,0
"Gene 152",0,0,0,0,-1,0,0,1,0,-1,0,0,-1,0,0,0,0,-1,0,0,0,0,0,0,0,-1,-1,0,0,-1,0,0,0,0,0,0,0,0,0,0,0,0,-1,0,0,0,0,0,0,0,-1,0,0,0,0,0,0,0,1,0,0,0,0,0,0,0,0,0,0,0,0,0,0,1,1,0,0,0,0,0,0,0,-1,-1,0,0,1,0,0,-1,0,0,-1,0,0,0,-1,0,0,0,0,0,1,-1,0,0,0,0,0,0,-1,0,-1,0,0,-1,0,0,0,-1,0,-1,1,0,0,0,1,0,1,0,0,0,0,0,0,0,1,-1,0,1,0,0,0,0,0,0,0,0,0,0,0,0,0,0,0,0,0,0,-1,-1,0,0,0,1,0,0,-1,1,0,0,0,0,0,0,0,0,0,0,1,0,0,0,0,1,0,0,0,-1,0,0,1,-1,0,0,0,0,0,0,0,1
"Gene 153",-1,0,0,0,0,0,0,0,0,1,-1,0,0,0,0,0,-1,0,0,0,0,0,0,0,0,0,0,0,0,0,0,0,0,0,0,0,0,1,-1,0,0,0,0,0,1,1,0,0,0,0,0,0,-1,0,0,0,0,0,0,-1,0,-1,0,0,1,0,1,0,0,0,0,0,0,0,0,0,0,0,0,0,0,0,0,0,0,0,0,0,1,0,0,0,0,1,0,1,0,0,0,0,0,0,0,0,0,0,0,0,0,1,0,0,0,0,0,0,0,-1,0,0,0,0,0,0,0,0,0,0,-1,0,0,0,0,0,0,1,0,0,0,0,0,0,0,0,-1,0,0,0,0,0,-1,0,0,0,0,0,0,0,0,0,1,0,-1,0,0,1,-1,1,0,0,0,0,0,0,0,0,0,0,0,0,-1,0,0,0,0,0,0,1,0,0,0,0,-1,0,0,1,0,0,0,0
"Gene 154",0,0,-1,0,0,0,0,0,0,0,0,0,0,0,0,0,0,0,0,0,0,1,1,1,0,0,0,1,0,0,0,-1,-1,-1,0,0,0,-1,-1,0,0,0,0,0,0,0,1,0,0,0,0,0,0,0,0,0,0,-1,-1,0,0,0,0,0,0,0,0,0,0,0,0,0,0,0,0,0,0,0,0,0,0,-1,0,0,0,0,1,0,0,0,0,0,0,0,0,0,0,0,0,0,0,0,1,1,0,0,0,0,0,0,0,0,0,0,0,0,0,0,0,0,0,0,0,0,0,-1,0,0,1,-1,1,-1,0,0,0,0,0,0,0,0,0,-1,0,0,0,0,0,1,0,0,1,0,0,0,0,-1,0,0,-1,0,0,0,0,0,0,0,0,0,0,0,0,0,0,0,0,0,0,0,0,1,0,0,-1,0,0,0,0,0,0,0,-1,-1,-1,0,-1,-1,0,0,0,0
"Gene 155",0,0,0,0,0,0,-1,1,0,0,0,0,0,-1,0,-1,0,0,0,0,0,0,1,0,0,0,0,0,-1,0,0,1,0,0,1,0,0,0,0,0,0,1,-1,1,0,0,0,0,0,-1,-1,0,0,0,0,-1,0,-1,0,0,0,0,0,-1,0,-1,0,-1,0,0,0,0,0,0,0,0,0,0,0,-1,0,0,0,0,0,0,-1,1,0,0,0,0,1,0,0,0,0,0,0,0,0,1,0,0,1,0,0,0,-1,0,0,0,0,0,0,0,0,1,0,0,-1,0,0,1,1,0,0,0,0,0,0,0,0,0,0,1,0,0,1,0,0,0,0,0,0,0,0,0,0,0,0,0,0,0,0,0,0,0,0,1,0,1,0,0,0,0,0,0,-1,0,0,-1,-1,0,0,0,0,0,0,1,0,0,0,-1,0,0,0,0,1,0,-1,0,-1,0,0,0,0,0,0,0
"Gene 156",0,0,0,0,0,0,1,0,1,0,0,1,0,0,0,0,1,0,0,0,0,0,-1,0,0,0,0,-1,1,0,0,0,0,0,0,0,1,0,0,0,0,0,0,0,0,1,0,1,0,0,1,0,0,0,0,0,0,-1,0,-1,0,0,0,0,0,0,1,0,0,0,0,0,0,0,0,0,0,-1,0,-1,0,0,0,0,0,0,0,0,1,0,0,0,0,1,0,0,0,1,-1,0,0,1,0,0,0,0,0,-1,0,0,0,0,1,0,0,0,0,0,0,0,0,0,1,0,0,1,0,0,1,0,0,0,0,0,0,0,0,0,0,0,0,0,0,0,0,0,0,0,0,0,0,0,0,-1,0,0,0,0,0,0,0,-1,-1,-1,0,0,1,0,-1,-1,-1,0,0,0,0,-1,0,0,0,0,-1,0,0,0,0,1,0,0,0,0,0,0,0,0,0,0,0,0,0,1
"Gene 157",-1,0,0,0,0,0,0,0,0,-1,1,0,0,0,0,0,0,0,0,0,0,0,0,-1,-1,0,0,-1,0,-1,0,0,0,0,0,0,0,0,0,1,0,0,0,-1,-1,0,1,0,0,0,0,0,0,0,0,0,1,0,0,0,0,0,0,0,0,0,0,0,0,0,0,0,0,-1,0,0,0,0,0,-1,0,0,0,0,-1,0,0,0,0,0,0,0,0,0,0,0,-1,0,0,0,0,0,0,0,0,0,0,0,0,1,0,0,0,0,0,0,0,0,0,0,-1,0,0,0,0,0,0,0,0,0,-1,1,0,0,0,0,0,0,0,0,0,0,0,0,-1,-1,0,-1,0,0,-1,0,0,0,0,0,0,0,0,0,0,0,0,0,0,1,0,0,0,0,-1,0,0,0,0,0,0,0,0,0,1,0,-1,0,0,0,0,0,0,0,1,1,0,0,0,0,0,0,0,0
"Gene 158",-1,0,0,0,-1,1,0,0,0,0,0,0,0,1,1,0,0,0,0,0,0,0,-1,0,0,-1,0,0,0,0,0,0,0,-1,0,0,0,1,0,0,0,0,0,0,0,0,0,0,-1,-1,0,0,0,0,0,0,1,-1,0,0,0,0,0,0,-1,0,0,-1,0,0,-1,0,0,0,0,-1,0,0,0,0,0,0,0,0,0,0,0,0,0,0,1,0,0,0,0,0,0,0,0,0,0,0,-1,0,-1,0,1,0,0,0,0,0,0,0,0,-1,0,1,0,0,0,0,0,0,1,1,0,0,-1,0,0,0,0,0,0,0,0,-1,-1,0,0,-1,0,0,0,0,-1,0,0,0,0,0,0,0,0,0,0,0,0,0,0,0,0,0,0,0,-1,0,0,1,0,0,1,-1,1,0,0,0,0,0,0,0,0,0,0,0,0,-1,1,-1,0,0,0,0,-1,0,0,-1,1,-1
"Gene 159",0,0,0,0,0,-1,0,0,0,0,0,0,-1,-1,-1,1,0,0,0,0,-1,0,-1,0,1,0,0,0,1,0,0,0,0,0,0,0,0,0,-1,0,0,0,1,0,0,0,0,0,0,0,0,0,1,0,1,1,0,0,1,0,0,0,-1,0,0,1,0,0,0,0,0,0,0,0,1,0,0,0,0,0,0,0,0,-1,-1,-1,0,0,-1,0,1,0,0,0,0,-1,0,0,0,0,0,0,0,-1,1,0,0,0,0,0,0,0,1,0,0,0,0,0,0,0,0,0,0,0,0,0,-1,-1,0,0,0,0,0,0,-1,0,1,0,0,1,0,0,0,0,0,0,0,1,0,0,0,-1,0,-1,0,0,0,0,0,0,0,0,0,0,0,0,0,0,0,0,0,-1,1,0,0,0,0,0,-1,0,0,0,0,0,0,0,0,0,0,0,1,0,1,1,0,0,0,0,0,0
"Gene 160",-1,0,1,0,0,-1,0,0,0,0,0,0,0,0,0,0,0,0,-1,0,1,0,-1,0,1,0,0,0,-1,0,0,0,0,0,0,0,1,0,0,0,0,0,0,0,0,1,0,0,0,1,0,0,0,0,0,0,0,0,0,0,0,0,0,1,0,0,0,0,-1,0,0,0,0,-1,0,1,0,0,0,0,0,1,0,0,0,0,1,0,1,0,0,0,-1,0,0,0,0,0,1,0,0,-1,0,1,0,0,0,0,0,-1,1,0,0,0,0,0,1,0,0,0,0,-1,0,-1,1,0,0,0,0,0,0,0,0,0,0,0,0,0,0,0,0,-1,0,0,0,0,0,0,0,0,0,-1,0,0,1,0,0,0,0,0,0,-1,0,1,0,0,0,0,0,-1,0,0,0,0,0,-1,0,0,1,0,1,0,1,1,0,0,0,0,0,0,1,0,0,0,-1,0,0,0,0,0
"Gene 161",0,0,0,0,0,1,0,0,0,0,0,0,0,0,1,0,0,0,1,0,0,-1,0,1,0,-1,1,0,0,0,1,0,0,0,1,0,1,0,0,0,0,0,0,0,0,0,1,0,0,0,0,0,1,0,0,0,0,0,0,1,0,-1,-1,0,0,0,0,-1,1,0,0,0,0,0,0,0,0,0,0,1,1,0,-1,0,0,0,0,0,0,0,0,0,0,0,0,0,1,0,0,0,1,0,1,0,0,0,0,0,1,0,0,0,0,1,0,1,0,-1,0,0,-1,0,-1,0,0,0,0,0,1,-1,0,-1,0,0,1,0,0,0,0,0,0,0,0,0,0,0,0,0,-1,0,0,0,1,0,0,0,0,0,0,0,0,0,1,0,0,0,0,0,0,0,-1,0,0,0,0,0,0,0,0,0,0,0,1,0,0,-1,0,0,0,0,0,0,0,-1,0,0,-1,0,0,0
"Gene 162",0,1,1,0,0,-1,0,0,0,-1,0,0,0,0,0,-1,0,0,0,0,0,0,0,0,0,0,0,-1,0,-1,-1,0,0,0,0,0,0,0,0,0,0,-1,0,0,0,0,0,0,0,0,0,0,0,-1,0,1,0,0,0,0,0,0,1,1,0,-1,0,1,0,-1,-1,1,1,0,0,1,-1,0,0,0,-1,0,0,-1,0,0,1,0,0,-1,0,1,0,0,-1,0,0,0,0,0,1,0,0,1,1,1,0,0,0,0,0,1,0,0,-1,0,0,0,0,0,0,0,0,0,0,0,0,1,0,0,0,0,1,0,0,0,0,0,0,0,-1,0,0,1,0,0,0,0,0,-1,0,0,0,0,1,-1,0,0,0,-1,0,0,1,0,0,0,0,-1,0,0,0,0,-1,0,0,0,0,0,0,0,0,0,0,0,1,0,0,0,-1,0,0,0,0,0,0,0,0,1,-1,1
"Gene 163",-1,0,0,0,0,-1,0,-1,0,0,0,0,0,0,0,0,0,-1,0,0,0,-1,-1,0,0,0,0,0,1,0,0,0,0,0,0,0,0,-1,0,0,-1,-1,-1,0,0,0,0,0,0,1,0,0,0,-1,0,0,-1,0,0,-1,0,-1,0,1,0,0,0,0,0,0,0,0,0,0,1,0,0,0,0,1,0,0,1,0,0,0,0,0,0,-1,0,0,0,0,-1,0,0,-1,0,0,0,0,0,0,0,0,0,0,0,0,0,0,0,0,0,0,0,0,0,0,0,0,0,0,-1,0,0,0,0,0,0,0,0,-1,-1,0,0,-1,0,-1,0,0,0,-1,0,0,1,0,1,0,-1,0,-1,0,0,-1,0,0,0,0,1,1,0,0,0,-1,0,0,-1,0,0,0,0,0,0,-1,0,0,0,-1,1,-1,0,0,0,0,0,0,0,0,1,1,-1,1,0,0,0,0,0,0
"Gene 164",0,0,0,0,0,0,0,1,1,0,0,1,0,0,0,1,0,0,0,0,-1,1,0,0,0,0,0,0,0,0,0,0,-1,1,0,0,0,0,0,1,-1,0,-1,0,0,0,0,0,0,0,0,-1,0,0,0,0,0,0,1,0,0,1,0,1,-1,0,0,0,0,-1,0,0,0,0,0,-1,0,0,0,0,0,-1,0,0,0,0,1,0,0,0,0,1,0,-1,0,0,0,0,0,0,0,0,0,0,1,0,-1,0,0,0,0,0,-1,0,0,0,0,0,0,0,0,0,0,0,0,0,0,0,0,0,0,0,1,0,0,1,0,0,0,0,0,0,0,1,0,0,0,0,0,-1,0,1,0,0,0,-1,0,0,0,1,0,0,0,0,0,0,0,0,1,0,1,0,0,0,0,0,0,0,0,0,0,0,0,0,1,1,0,0,0,-1,0,0,0,0,0,0,0,-1,0,0
"Gene 165",-1,0,0,0,0,0,0,0,0,0,0,0,0,0,0,0,-1,0,-1,0,-1,0,0,0,0,0,0,0,0,0,0,0,0,-1,0,0,-1,0,0,0,0,0,0,0,0,0,0,0,0,0,1,0,0,0,0,1,0,-1,0,0,1,0,0,0,0,0,0,0,0,-1,0,0,0,0,0,0,0,0,0,0,0,0,0,0,0,0,-1,0,-1,0,0,0,0,0,0,0,0,0,-1,0,0,-1,0,0,0,0,1,1,0,0,1,0,0,0,-1,0,0,0,0,0,0,-1,0,1,0,0,-1,0,0,0,0,0,0,0,-1,0,0,0,0,0,0,0,0,0,0,0,0,0,0,-1,0,0,0,0,0,0,0,0,0,0,0,0,0,0,0,0,0,0,0,0,0,0,0,0,1,0,0,0,0,1,0,0,-1,0,0,0,0,-1,0,0,0,0,-1,0,0,0,0,-1,0,0
"Gene 166",0,-1,0,0,0,0,0,0,-1,0,0,0,0,-1,0,0,0,0,0,0,0,1,0,0,0,0,0,0,1,0,0,-1,0,0,0,0,1,0,0,0,-1,0,-1,0,-1,0,0,0,0,0,-1,0,0,0,0,0,0,0,0,1,1,-1,0,0,0,0,-1,0,0,0,0,1,0,0,0,0,0,0,0,1,0,1,-1,0,0,0,0,0,0,0,0,-1,0,0,0,0,0,0,0,-1,0,1,0,0,1,0,0,0,1,0,-1,-1,0,0,0,0,0,0,0,0,0,0,0,0,0,0,0,0,0,0,0,0,0,-1,0,0,0,-1,0,1,-1,0,0,0,0,0,0,0,0,0,0,0,1,0,0,0,1,0,0,0,0,0,-1,0,0,0,0,0,0,0,0,0,1,0,0,0,-1,0,0,-1,0,0,0,0,0,0,0,0,1,0,0,1,0,0,0,0,0,0,0,0
"Gene 167",-1,0,0,0,0,1,0,0,0,0,0,-1,0,0,0,1,0,0,0,0,-1,0,0,0,1,0,0,0,0,0,1,0,0,1,-1,-1,0,0,1,0,0,0,0,0,0,0,0,-1,0,0,0,0,0,0,0,0,0,-1,0,-1,1,0,0,0,1,0,0,1,0,0,0,0,0,0,1,0,0,0,1,0,0,0,0,0,0,0,0,0,0,0,0,0,0,0,0,0,0,0,0,0,1,0,0,0,0,0,0,0,1,0,0,0,0,0,0,0,0,0,1,0,0,0,0,0,0,0,0,1,0,0,0,0,0,0,0,0,1,0,0,0,0,0,0,0,0,0,0,0,0,0,0,-1,-1,0,0,1,0,-1,0,0,0,0,0,0,0,0,0,0,0,0,0,0,1,0,0,0,0,0,0,1,0,0,-1,1,0,-1,1,0,0,-1,0,0,0,0,-1,0,0,0,0,0
"Gene 168",0,0,0,0,1,0,0,0,-1,0,0,0,1,-1,0,0,1,0,0,-1,-1,0,0,0,0,0,0,0,0,0,0,0,0,0,0,0,0,0,0,0,0,0,0,-1,0,1,0,0,0,-1,0,0,0,0,0,0,0,0,0,0,0,-1,0,0,0,0,-1,-1,0,0,0,0,-1,0,1,-1,1,0,0,0,0,-1,0,0,0,0,-1,1,0,1,0,0,0,0,0,-1,0,0,1,0,0,0,0,0,1,0,0,0,1,0,0,1,0,0,0,0,-1,1,0,0,0,0,0,-1,0,-1,0,0,0,0,0,0,0,0,0,1,0,0,0,0,0,0,0,0,0,0,0,0,0,-1,0,1,1,0,0,0,0,0,0,0,0,-1,0,0,0,0,0,0,-1,0,0,0,0,0,0,0,0,-1,0,0,0,0,0,0,0,0,-1,0,1,1,0,0,1,0,-1,0,0,0,0,1
"Gene 169",0,0,0,0,0,0,0,1,-1,1,0,0,-1,0,0,1,-1,0,0,1,0,0,1,0,0,0,0,0,0,0,0,-1,-1,-1,0,0,0,0,0,0,-1,0,0,0,-1,0,0,0,0,0,0,0,0,0,0,0,0,-1,0,0,0,0,0,0,0,0,0,0,0,0,0,0,0,0,0,0,0,0,0,0,0,0,1,0,1,0,0,0,0,0,0,0,0,0,0,-1,0,0,0,-1,1,0,0,-1,0,0,0,0,0,-1,0,0,0,0,-1,0,0,0,0,1,0,0,0,1,0,1,0,0,0,0,-1,0,1,-1,0,0,0,-1,-1,0,0,0,-1,0,0,0,0,0,0,0,0,0,0,0,-1,-1,0,0,0,0,0,0,-1,1,0,0,0,-1,0,0,0,0,-1,0,0,0,0,0,-1,0,1,0,-1,0,-1,-1,0,0,0,0,0,-1,0,-1,-1,-1,0,0,0,0
"Gene 170",0,0,0,1,0,0,-1,0,0,0,1,0,1,0,0,0,0,1,1,0,0,0,0,0,-1,0,-1,0,0,0,0,0,0,1,0,0,0,0,0,0,0,0,1,0,-1,0,0,0,0,0,0,0,0,0,0,-1,0,0,0,0,0,1,1,0,0,0,0,0,0,0,0,0,0,0,0,-1,1,1,0,0,0,1,0,0,0,-1,0,0,0,0,0,0,0,0,1,0,0,-1,0,0,0,0,0,0,0,0,0,0,0,0,1,0,0,1,0,0,0,0,1,0,0,0,0,0,0,0,0,0,0,0,0,0,0,0,0,0,0,0,0,0,0,0,0,0,-1,1,0,0,0,0,0,0,0,0,0,-1,0,1,0,-1,0,0,0,0,0,0,0,0,0,0,0,0,1,0,-1,0,1,0,0,0,0,0,0,0,0,0,1,1,1,0,0,0,0,0,1,-1,0,0,-1,0
"Gene 171",0,0,0,0,0,-1,0,0,0,0,0,1,0,-1,0,-1,0,0,1,0,1,0,0,0,0,0,1,0,-1,-1,0,0,0,0,0,0,0,0,0,0,-1,1,0,0,0,-1,-1,0,0,0,-1,-1,0,0,0,1,-1,0,0,0,0,0,1,0,0,0,0,0,0,0,0,0,0,1,0,0,0,0,0,0,-1,0,-1,0,0,0,0,0,0,0,1,0,0,0,0,0,0,0,0,0,1,0,0,0,0,0,0,0,0,0,-1,0,1,1,0,0,0,0,0,1,-1,1,0,0,0,0,0,0,-1,0,0,0,0,0,0,1,0,0,0,0,0,0,1,1,0,-1,0,-1,0,0,0,0,0,0,0,-1,-1,0,0,0,-1,0,0,1,0,0,0,0,0,0,0,0,0,-1,0,0,0,0,0,1,0,0,0,0,0,0,0,-1,0,1,0,1,0,0,-1,1,0,0,0,-1
"Gene 172",-1,0,-1,0,1,1,0,1,0,-1,0,0,0,0,1,0,0,1,0,-1,0,0,0,0,0,0,0,0,0,0,0,0,-1,0,0,0,1,0,0,0,0,0,-1,1,0,0,0,0,0,0,1,0,0,-1,0,0,0,0,0,0,0,0,-1,0,0,0,0,0,0,0,-1,0,0,0,-1,0,0,0,-1,-1,0,0,0,0,0,1,0,0,0,0,0,0,0,0,1,0,0,0,0,0,0,-1,1,0,0,0,0,0,0,0,0,0,0,0,0,-1,0,0,0,0,-1,0,0,0,0,0,0,0,0,0,0,0,0,0,0,-1,0,0,0,0,0,0,0,0,0,0,-1,0,0,-1,-1,0,0,0,-1,0,0,0,-1,0,0,0,0,0,0,0,0,0,0,0,0,0,0,0,-1,0,0,0,0,0,0,0,-1,0,1,0,0,0,0,1,0,0,0,-1,0,0,0,1,1,0
"Gene 173",0,0,-1,0,0,0,-1,0,0,-1,1,0,0,0,0,-1,0,0,0,0,0,0,0,0,0,0,-1,0,-1,0,0,0,0,0,0,0,0,0,0,0,0,0,0,0,0,0,0,0,0,0,0,0,0,0,-1,-1,-1,1,0,0,0,0,0,0,0,0,1,1,0,-1,1,1,0,1,0,0,0,0,0,0,0,0,0,0,1,0,0,0,0,0,0,0,0,0,0,0,0,0,0,1,0,0,0,0,0,0,0,1,-1,0,0,0,0,0,0,0,-1,0,-1,0,1,0,0,-1,0,0,0,0,0,0,0,0,0,0,0,0,-1,0,0,1,0,0,1,0,0,0,0,0,0,-1,0,0,0,0,-1,0,0,1,1,0,0,-1,0,0,0,1,1,0,-1,1,0,0,0,0,0,0,0,0,0,0,0,0,0,1,0,0,0,1,0,0,0,0,0,0,0,0,0,1,-1,0
"Gene 174",1,0,0,0,0,0,0,0,0,0,0,0,0,0,0,0,-1,0,1,0,0,0,0,0,0,0,0,1,0,0,0,0,0,0,0,-1,0,0,0,0,0,0,1,0,-1,0,0,-1,1,0,0,-1,0,0,1,0,0,1,0,1,0,0,-1,0,0,0,0,0,0,0,0,1,0,0,0,0,0,1,0,0,0,0,0,0,0,-1,0,-1,0,0,0,0,0,1,0,-1,0,0,0,0,0,0,0,0,0,0,0,0,0,0,0,0,0,0,0,0,0,0,0,-1,-1,1,0,0,1,0,-1,0,1,1,0,0,1,0,0,0,0,0,0,0,0,0,0,-1,0,0,0,0,0,0,0,0,0,0,0,0,0,-1,0,0,0,0,0,0,0,0,0,0,0,0,-1,0,0,0,0,0,-1,0,0,0,0,1,0,-1,1,-1,0,0,0,0,0,0,0,1,0,0,0,0,0,0
"Gene 175",1,0,0,0,-1,0,0,0,0,0,0,-1,0,1,0,0,0,0,0,1,0,0,1,0,-1,0,1,0,0,0,0,1,0,-1,1,0,0,0,1,1,0,1,0,0,0,0,0,0,-1,0,0,1,0,0,0,0,0,0,1,0,0,0,0,0,0,0,0,0,-1,0,0,0,0,-1,0,0,1,0,0,0,1,0,0,0,1,1,0,-1,0,1,-1,-1,0,0,0,-1,0,0,0,0,-1,0,0,0,-1,0,0,-1,0,0,0,0,0,0,0,0,0,0,0,-1,0,-1,0,0,0,0,1,0,0,0,-1,1,0,0,0,1,0,0,0,1,-1,-1,-1,0,0,-1,0,0,-1,0,-1,0,0,0,0,0,0,1,0,0,0,0,0,0,1,0,0,0,0,-1,0,-1,0,0,0,0,-1,0,0,0,0,0,0,0,1,1,0,1,0,0,0,0,0,0,0,0,0,1,0,0
"Gene 176",-1,1,0,1,0,-1,0,0,0,0,0,0,0,0,0,0,1,0,0,0,0,0,0,0,0,0,0,0,0,-1,0,0,0,0,1,0,0,1,0,0,1,0,0,1,0,0,0,0,0,0,0,0,0,0,0,0,0,0,0,0,-1,0,0,0,0,0,0,0,0,0,0,0,0,1,1,0,0,-1,0,-1,0,0,1,-1,0,-1,0,0,0,0,0,0,0,0,0,0,0,0,0,0,0,0,0,0,0,0,0,0,-1,0,0,0,0,0,0,0,0,0,0,0,-1,0,0,0,0,0,0,0,0,0,1,-1,0,0,0,1,0,0,0,0,0,0,-1,0,0,0,0,0,0,1,0,0,0,0,0,-1,0,0,0,-1,0,0,-1,0,0,0,0,0,0,0,0,0,0,0,0,0,0,0,0,0,0,0,0,-1,-1,0,0,0,0,0,1,1,-1,0,0,-1,1,0,0,-1
"Gene 177",0,0,0,0,0,0,0,-1,0,0,0,0,-1,0,0,0,0,0,0,0,-1,0,1,-1,0,0,0,0,-1,-1,0,0,0,0,0,1,-1,0,0,0,1,0,0,-1,0,0,1,-1,0,0,0,0,-1,1,0,0,0,0,0,0,0,-1,0,-1,1,0,1,0,0,0,0,0,0,0,0,0,0,0,1,1,0,0,0,0,0,1,0,0,0,0,0,0,0,1,1,0,0,-1,0,0,0,0,0,0,0,0,0,1,-1,0,0,0,0,0,0,-1,-1,0,0,1,0,1,0,1,-1,0,0,0,0,0,0,0,0,0,-1,0,0,0,0,0,0,0,0,0,0,0,0,0,0,1,0,0,0,0,0,0,0,0,0,0,0,0,0,0,0,-1,0,0,0,1,0,0,0,-1,-1,0,0,0,0,0,0,0,-1,0,0,-1,0,0,0,0,0,0,-1,1,1,0,0,0,0,0
"Gene 178",0,0,1,0,0,0,0,0,0,0,0,0,0,0,1,0,0,0,0,-1,0,0,0,0,0,0,0,1,0,0,1,0,0,0,-1,0,0,1,0,0,1,0,1,0,0,0,1,1,0,-1,0,0,0,0,0,0,0,0,0,0,0,0,0,0,-1,1,0,0,-1,0,0,0,1,0,0,0,0,0,0,0,0,0,0,0,0,0,0,0,0,0,0,0,1,0,0,1,0,0,0,0,-1,0,0,0,0,0,0,0,0,0,0,0,0,0,0,0,0,0,0,-1,0,-1,0,0,0,0,0,0,1,0,0,0,0,0,0,-1,1,1,0,0,1,0,1,0,0,0,0,0,0,0,0,0,0,0,0,0,0,0,0,0,0,0,0,0,0,0,0,-1,0,0,0,0,0,0,0,0,0,0,1,1,0,1,1,0,1,0,0,1,0,0,1,0,0,0,0,0,0,0,0,0
"Gene 179",0,0,0,-1,0,0,0,1,0,0,0,-1,0,0,-1,0,0,1,0,0,0,0,0,0,0,0,0,0,0,0,0,1,0,0,0,0,1,1,0,0,0,0,1,0,0,0,0,0,0,-1,0,0,-1,0,-1,0,0,0,0,-1,0,0,0,0,0,0,0,0,0,0,1,1,0,0,1,0,0,0,0,-1,0,0,0,0,0,0,0,0,0,0,0,-1,0,0,0,0,1,0,-1,0,0,0,0,0,0,0,-1,0,0,0,0,0,0,0,0,0,0,1,-1,-1,0,0,0,0,0,-1,0,0,0,0,0,0,0,-1,0,1,-1,0,-1,0,1,0,0,0,0,0,0,0,0,0,-1,1,0,0,0,0,0,0,-1,1,0,0,0,0,0,0,0,0,-1,0,0,0,0,0,0,0,0,1,0,0,-1,1,0,0,1,0,0,0,0,-1,0,0,0,0,1,0,1,0,0,0
"Gene 180",0,0,0,0,0,1,1,0,0,0,0,0,-1,1,0,0,0,0,0,0,0,0,0,0,0,0,-1,0,0,0,-1,-1,0,0,0,0,1,1,0,1,0,1,0,0,0,0,0,0,0,0,0,0,0,0,1,0,0,0,0,0,0,0,0,0,0,0,1,0,0,1,0,0,0,0,-1,0,0,0,0,-1,0,-1,1,0,0,0,0,0,0,0,0,-1,0,0,0,0,-1,1,0,0,0,0,0,0,0,0,0,0,0,0,0,1,0,0,0,0,0,1,0,-1,0,0,0,-1,0,0,-1,0,0,1,0,0,0,0,0,0,0,0,0,1,-1,0,1,0,0,0,-1,1,0,0,0,0,0,1,1,0,0,0,0,0,0,0,-1,0,1,-1,1,0,0,0,1,0,0,0,0,0,0,1,0,0,0,0,0,0,0,1,1,0,0,1,0,0,0,0,0,1,0,0,0,0
"Gene 181",0,0,0,0,0,1,0,0,0,0,0,0,0,0,0,0,0,1,0,0,0,1,0,0,0,0,-1,0,0,0,0,0,0,0,0,0,0,0,0,0,-1,0,0,0,0,0,0,0,0,0,0,0,1,0,0,0,1,0,-1,0,0,0,0,0,0,0,0,0,0,0,1,0,0,0,0,0,0,-1,0,0,-1,1,1,0,1,-1,0,0,0,0,-1,0,0,0,1,0,0,1,0,0,0,0,1,0,0,-1,0,0,1,0,0,0,0,0,0,0,1,0,0,0,0,0,0,0,0,0,0,0,0,-1,0,0,0,0,0,0,0,0,0,0,0,0,-1,-1,0,0,1,-1,0,0,1,0,-1,0,0,-1,1,0,0,1,0,0,1,0,0,0,0,0,1,0,0,0,0,0,0,0,0,0,-1,0,0,0,0,0,0,0,0,0,0,0,0,-1,0,0,1,0,0,1,0,0
"Gene 182",0,0,0,0,0,0,0,0,0,0,-1,0,0,1,0,0,0,-1,1,-1,0,0,0,0,1,0,0,0,0,-1,0,0,1,0,0,-1,0,0,0,0,0,0,1,0,0,0,0,0,0,0,0,0,0,0,-1,0,0,0,0,0,0,0,0,0,0,0,-1,0,0,0,0,-1,0,1,0,1,0,1,0,0,0,0,0,0,0,0,0,0,0,0,0,0,0,0,-1,1,0,0,0,0,0,1,0,0,0,0,0,0,1,-1,0,0,0,0,1,0,0,0,0,0,0,0,0,0,0,0,0,1,0,1,-1,0,0,-1,-1,0,0,0,-1,0,1,0,0,0,-1,0,0,-1,0,0,0,0,0,0,0,0,0,0,0,0,0,0,-1,0,0,0,0,0,0,0,0,0,0,1,0,0,0,1,1,0,0,0,-1,0,0,0,1,0,0,0,0,0,1,0,0,1,0,0,0,0
"Gene 183",0,0,0,1,0,0,0,-1,1,0,0,1,0,-1,1,0,0,0,0,0,0,0,0,0,1,0,0,0,0,-1,0,0,0,0,-1,1,0,-1,0,0,0,0,0,0,-1,0,0,0,0,0,0,0,0,0,0,0,0,0,1,0,0,0,0,0,-1,0,0,1,0,1,0,0,0,0,0,0,0,0,0,-1,0,0,0,0,0,-1,0,-1,0,0,1,0,0,0,0,0,0,0,0,0,0,-1,0,0,0,0,0,0,-1,0,0,0,0,0,0,1,1,0,0,0,0,1,0,0,-1,0,0,0,0,1,0,0,0,0,0,0,0,0,0,0,0,0,0,0,0,0,1,-1,0,1,0,0,0,-1,0,0,-1,0,0,1,1,0,0,0,-1,0,-1,0,-1,0,0,-1,0,0,0,0,-1,1,0,0,0,-1,0,1,0,-1,0,1,0,0,0,0,1,1,1,0,0,0,0,0
"Gene 184",0,0,0,0,0,0,0,1,0,0,0,0,1,0,0,0,0,-1,0,0,0,0,0,0,0,0,-1,0,0,1,0,0,1,0,0,0,0,1,0,-1,0,0,0,0,0,0,0,0,0,-1,0,-1,0,0,1,0,0,0,0,0,0,0,0,0,-1,0,0,0,-1,0,0,0,1,0,0,-1,0,0,0,0,-1,0,0,-1,1,1,0,0,0,0,1,0,1,0,0,-1,0,0,0,0,1,0,0,-1,0,0,-1,0,0,1,0,0,0,0,0,1,0,0,0,0,0,0,0,0,0,0,1,0,0,0,0,0,0,0,0,1,0,0,0,-1,0,0,0,0,-1,0,0,-1,0,0,0,1,0,0,-1,0,0,0,0,1,0,0,0,0,0,0,1,0,0,0,0,0,1,-1,0,-1,0,0,0,0,0,0,1,0,0,0,-1,0,0,0,0,-1,0,0,0,1,1,0,0,0
"Gene 185",0,0,0,0,-1,0,0,0,0,-1,0,0,-1,0,0,0,0,1,1,0,0,0,1,0,1,0,0,0,0,1,-1,0,0,0,0,0,0,0,-1,0,0,0,0,0,0,0,-1,1,0,0,0,0,-1,0,0,0,0,0,0,0,0,0,0,0,1,0,0,0,0,0,0,0,1,0,-1,0,0,0,0,1,0,0,0,0,0,0,0,0,0,0,0,0,0,0,0,0,0,0,0,0,0,0,0,0,0,0,-1,0,0,0,0,0,0,-1,0,0,0,0,0,0,0,0,0,0,0,0,0,0,-1,0,1,0,1,0,-1,0,0,-1,0,0,0,0,0,0,0,-1,-1,0,0,0,0,0,0,0,0,0,0,0,0,0,0,1,0,1,0,0,0,0,-1,0,0,1,0,1,1,-1,0,1,1,0,0,0,0,0,0,0,0,0,0,0,0,-1,0,0,0,-1,1,0,0,0
"Gene 186",0,1,0,0,1,0,0,1,1,0,-1,-1,1,0,1,0,1,1,0,0,0,0,0,0,0,0,0,0,0,0,-1,-1,-1,0,0,0,0,0,0,0,0,0,0,1,0,0,0,0,0,0,1,0,0,0,0,0,1,0,0,-1,0,0,0,0,0,-1,-1,1,0,0,0,0,-1,0,-1,1,1,-1,0,0,0,0,0,0,0,0,0,-1,0,0,0,0,0,1,0,0,0,0,0,0,0,0,0,0,0,0,0,1,0,0,1,0,0,0,0,0,-1,1,1,0,0,1,0,0,0,0,0,-1,0,0,1,0,0,0,0,0,0,1,0,0,-1,1,0,0,0,0,0,0,0,0,0,0,0,0,0,1,0,0,0,0,-1,0,0,1,0,0,-1,0,-1,0,0,0,0,-1,1,0,-1,0,0,1,0,0,-1,0,0,0,0,0,1,0,0,0,1,0,0,0,0,0,0,0
"Gene 187",0,0,0,0,0,0,0,-1,0,0,0,0,0,1,-1,0,0,0,0,0,1,0,0,0,0,0,0,0,0,0,0,-1,0,0,0,0,0,0,0,0,0,0,0,-1,1,0,0,0,0,0,0,0,-1,0,0,0,0,0,-1,1,0,0,0,0,0,0,0,-1,-1,0,0,0,0,-1,0,-1,0,0,0,1,1,0,0,0,0,1,0,0,0,0,0,-1,0,0,0,0,0,0,0,0,0,0,0,0,0,0,0,0,0,-1,0,0,0,0,0,-1,0,0,0,0,0,0,0,0,0,-1,0,0,0,0,0,1,0,1,0,0,0,0,0,1,0,0,1,0,0,0,0,0,0,1,0,0,0,0,0,0,0,0,0,0,0,0,0,0,0,0,1,-1,0,1,0,0,0,0,0,0,0,0,0,1,0,1,0,-1,0,0,0,0,-1,0,0,0,0,0,-1,0,0,0,0,1
"Gene 188",0,0,0,0,0,0,0,-1,0,0,0,0,0,0,0,0,0,0,0,0,0,0,1,1,0,1,0,0,0,0,-1,0,0,0,0,0,0,-1,0,-1,0,0,0,0,-1,0,0,0,0,0,0,0,0,0,0,0,0,-1,0,0,0,0,0,1,1,0,1,0,0,0,-1,0,0,0,0,0,0,1,1,0,0,0,0,0,0,0,1,0,0,0,0,0,0,0,0,0,0,0,1,0,0,0,1,0,0,0,0,0,0,0,0,0,0,0,-1,0,0,0,0,-1,0,0,0,0,0,0,0,0,0,1,0,-1,0,0,0,0,0,0,0,0,0,1,-1,0,0,0,-1,1,0,0,0,-1,1,0,0,0,0,-1,0,0,0,0,0,0,-1,0,0,0,0,1,-1,0,1,0,1,0,0,1,0,0,0,0,1,0,0,0,0,0,0,0,0,0,0,0,1,0,0,0,0,0
"Gene 189",-1,0,0,1,0,0,0,0,0,0,0,0,1,0,0,-1,0,1,0,0,0,-1,0,0,0,0,0,0,-1,1,0,0,0,1,0,0,0,0,0,0,0,-1,0,0,0,0,0,0,0,1,0,0,0,0,0,0,0,1,-1,0,0,0,1,0,0,0,0,1,0,1,0,-1,0,-1,0,0,0,-1,0,0,0,-1,0,1,1,1,0,0,0,0,0,0,0,0,0,0,0,0,0,0,0,0,0,0,0,0,0,0,1,0,0,0,0,0,0,-1,-1,0,0,0,0,0,0,-1,0,0,-1,1,0,-1,0,0,0,0,0,0,1,0,0,1,1,0,0,0,0,0,0,0,-1,0,0,0,0,0,1,0,0,1,0,0,0,-1,0,0,0,1,0,1,0,1,0,0,0,0,0,0,0,0,0,0,0,0,0,0,0,1,-1,0,0,-1,0,1,0,1,0,0,-1,1,-1,0
"Gene 190",0,0,0,0,-1,0,0,0,0,0,0,0,0,-1,0,0,0,0,0,0,0,0,0,-1,0,0,0,0,-1,0,0,0,0,0,0,0,0,0,0,0,0,0,0,1,1,0,0,-1,0,0,1,0,0,0,-1,0,0,0,0,0,0,0,0,0,1,0,0,-1,0,0,0,0,0,-1,0,-1,0,0,0,0,0,0,0,0,-1,0,0,0,0,0,0,0,0,0,0,1,0,1,0,0,0,0,0,0,0,0,0,0,0,0,0,-1,0,0,0,0,0,0,0,-1,0,0,0,-1,0,0,0,0,0,0,0,-1,0,0,0,0,0,0,0,-1,0,0,0,0,0,0,1,0,0,0,0,0,0,0,0,0,0,-1,0,0,0,0,0,-1,0,0,-1,1,0,0,1,1,0,0,0,0,0,0,-1,1,0,0,0,0,0,0,0,0,-1,0,1,0,0,0,0,1,0,-1,-1,0
"Gene 191",-1,1,0,0,0,1,0,0,0,0,0,0,1,0,0,-1,0,0,0,0,0,0,0,1,0,0,0,0,0,-1,1,1,0,0,0,0,0,0,0,0,0,0,-1,1,0,0,0,0,0,0,-1,0,0,0,0,0,0,0,1,0,0,0,-1,0,0,1,0,0,-1,0,0,0,0,0,0,0,0,0,0,1,-1,0,0,1,0,0,0,-1,0,0,0,1,0,0,0,0,0,0,0,-1,-1,0,0,0,-1,0,0,0,0,-1,0,0,0,0,-1,1,-1,0,0,0,0,0,0,0,0,0,0,0,0,0,0,0,0,-1,0,0,0,0,0,0,0,0,0,1,0,0,1,0,0,-1,1,1,0,-1,-1,0,1,0,1,1,0,0,1,0,0,0,0,0,0,0,0,0,0,0,0,1,0,1,0,0,0,0,0,0,0,0,0,0,0,1,0,0,0,0,0,0,1,0,0,0
"Gene 192",0,0,0,-1,0,0,0,0,0,0,0,0,1,0,-1,0,0,0,0,0,0,0,0,0,0,-1,0,0,0,0,0,1,-1,0,0,0,1,-1,0,0,0,1,0,0,0,0,0,-1,0,0,0,0,0,0,1,0,-1,-1,0,0,0,0,1,0,0,0,0,0,0,0,0,0,0,0,1,0,-1,0,0,0,0,0,0,0,0,0,0,0,1,0,0,0,0,0,-1,0,0,0,1,0,-1,0,0,0,0,0,0,0,0,1,0,0,1,1,0,0,0,0,1,0,0,1,0,0,-1,0,1,0,0,0,0,0,0,0,0,0,0,0,0,0,0,0,0,0,1,0,0,1,0,0,0,-1,0,-1,0,0,1,0,0,0,0,0,1,0,0,1,0,0,-1,0,1,0,0,0,0,1,0,0,0,0,-1,0,0,-1,-1,0,0,0,1,0,0,0,0,0,1,-1,0,0,-1,0
"Gene 193",-1,0,0,0,0,0,0,0,0,-1,0,0,0,-1,-1,1,1,0,0,0,1,-1,0,0,0,0,0,0,0,-1,0,-1,-1,0,0,0,0,0,0,0,0,0,0,0,0,0,-1,0,0,0,-1,-1,0,-1,0,0,0,0,-1,1,0,1,0,0,0,0,0,-1,0,-1,0,0,0,1,0,0,0,0,0,0,-1,0,0,0,0,0,0,0,0,-1,0,0,0,0,0,0,0,0,0,-1,0,0,1,0,0,0,0,1,-1,0,-1,0,0,0,0,0,0,0,0,0,0,0,0,0,1,0,0,0,0,0,0,0,1,0,0,1,0,0,0,0,0,0,0,0,0,0,0,0,-1,1,0,0,-1,-1,-1,0,0,0,1,0,0,0,-1,0,-1,0,0,1,0,0,0,0,0,0,0,-1,-1,0,0,0,0,1,1,0,0,1,0,0,0,0,0,0,0,0,0,0,0,-1,0,0
"Gene 194",-1,0,0,0,0,0,0,1,0,0,1,1,0,-1,0,-1,0,0,-1,0,0,0,0,0,0,1,0,0,0,0,0,1,0,0,0,0,1,0,0,0,0,1,0,0,0,0,0,0,0,0,0,1,1,0,0,0,0,0,0,0,0,1,0,0,-1,0,0,0,0,0,0,0,0,0,0,0,0,0,0,0,0,0,0,0,0,0,0,0,-1,0,0,-1,0,0,0,0,0,1,1,1,0,0,-1,1,0,0,-1,0,0,0,-1,0,0,0,0,0,0,0,0,1,1,0,0,0,0,0,0,0,-1,0,0,1,0,0,0,1,0,0,1,0,0,-1,-1,0,0,0,0,1,0,0,0,0,0,0,0,0,0,0,1,0,-1,0,1,0,0,0,0,0,-1,0,0,-1,0,1,0,0,1,0,0,0,0,0,1,0,0,0,0,0,1,0,0,0,0,0,0,0,0,0,0,1
"Gene 195",0,1,1,1,0,0,0,0,0,-1,0,-1,0,0,0,0,0,0,1,0,1,0,0,0,0,-1,0,0,0,0,0,-1,1,0,0,0,0,0,0,1,0,0,0,0,-1,0,0,0,0,0,0,0,1,0,0,0,1,-1,0,-1,0,-1,0,-1,0,0,-1,0,0,0,-1,-1,0,1,0,0,0,0,0,0,0,0,0,1,-1,-1,1,0,0,0,1,0,0,-1,0,0,0,1,1,-1,0,0,1,0,0,0,1,1,0,0,1,0,0,0,0,-1,0,0,0,0,0,0,0,0,0,0,0,0,0,1,0,0,0,1,0,0,1,0,-1,0,0,-1,-1,0,0,0,0,0,-1,0,-1,0,0,-1,0,0,0,-1,0,-1,0,0,0,0,0,0,-1,-1,-1,1,-1,0,0,0,0,0,1,0,1,0,1,0,1,0,0,0,-1,1,0,0,0,1,0,0,0,-1,0,0,0,0
"Gene 196",0,0,0,-1,0,0,0,1,-1,0,0,0,0,0,0,1,0,0,1,0,0,0,0,0,0,1,0,0,0,0,-1,-1,0,1,0,-1,1,-1,0,0,0,0,0,0,-1,0,-1,0,0,1,0,0,0,0,0,0,0,0,0,0,0,0,0,-1,0,1,1,0,0,0,0,1,0,0,0,0,0,0,1,0,0,0,0,0,0,0,0,0,0,0,0,1,0,0,0,0,0,0,0,0,0,0,0,1,1,0,0,0,0,0,0,0,0,0,0,0,0,0,1,0,0,1,0,0,0,0,0,1,0,0,0,0,0,0,0,0,0,0,0,0,0,1,0,0,0,1,0,-1,0,0,0,0,1,-1,0,0,0,0,0,0,0,0,0,0,0,0,0,0,-1,-1,1,0,0,0,0,-1,0,0,0,1,0,1,0,1,-1,0,0,0,0,1,0,-1,0,0,-1,0,-1,0,1,1
"Gene 197",0,0,0,0,0,0,0,0,0,1,1,-1,0,0,-1,0,0,0,0,0,0,0,-1,0,-1,0,0,0,-1,0,0,0,0,0,0,0,0,0,-1,-1,0,0,0,0,-1,0,-1,0,0,0,0,0,0,0,0,0,0,-1,0,0,0,0,-1,0,0,0,0,0,0,0,1,0,0,0,0,0,1,1,0,0,0,0,-1,0,0,0,0,0,1,0,0,0,0,0,0,-1,0,0,0,0,0,0,1,0,0,0,0,0,-1,0,0,0,0,0,0,0,0,0,0,0,0,0,0,-1,0,0,0,0,0,0,0,1,0,0,0,0,0,0,0,0,0,1,0,0,0,1,0,0,0,0,0,0,0,0,0,0,0,0,0,0,-1,0,0,0,0,0,0,0,0,0,0,0,0,0,0,1,0,0,1,0,0,0,0,1,1,0,0,0,-1,0,1,0,0,0,0,-1,0,1,0,0
"Gene 198",0,0,0,0,1,0,0,0,0,0,0,0,0,0,0,0,0,-1,-1,0,0,0,1,0,1,-1,1,0,0,0,0,0,0,0,0,0,1,0,0,0,-1,0,0,0,0,0,0,0,0,0,0,0,-1,1,0,0,0,0,0,0,0,-1,1,0,0,0,0,0,0,1,0,0,0,0,0,0,0,0,1,0,0,1,0,-1,0,-1,-1,-1,0,-1,0,0,0,0,1,0,0,0,1,0,0,1,0,1,1,0,0,0,1,0,0,0,0,-1,-1,0,0,1,0,0,0,0,-1,0,0,0,0,1,0,0,0,0,0,0,0,0,0,0,0,0,0,1,0,0,0,0,0,0,0,0,0,0,0,0,0,0,0,-1,0,0,0,1,0,-1,-1,0,0,0,0,0,0,1,1,0,1,0,0,0,0,0,1,0,0,0,0,0,0,0,1,-1,0,0,-1,0,0,0,1,0,1,0
"Gene 199",1,-1,0,0,-1,1,0,1,0,-1,0,0,0,0,0,0,0,0,0,0,0,0,0,0,0,0,0,0,0,0,0,0,0,0,0,0,0,0,0,0,0,0,-1,1,0,-1,0,0,-1,0,0,0,-1,0,0,0,0,0,0,0,0,-1,0,0,0,0,0,1,0,1,0,1,0,0,0,0,-1,1,0,1,-1,0,1,0,1,0,0,0,0,0,0,0,-1,0,0,0,-1,1,0,0,0,0,0,-1,0,-1,0,-1,0,1,-1,0,0,0,0,0,0,-1,0,0,0,0,0,0,0,0,0,0,0,0,1,0,0,0,-1,0,0,-1,0,0,0,0,0,0,1,-1,0,0,0,0,0,0,0,0,0,0,0,1,0,0,0,-1,0,0,0,0,0,0,0,-1,0,1,-1,0,0,0,0,0,0,0,0,0,0,0,0,0,0,0,-1,-1,0,-1,0,0,0,1,0,1,0,0
"Gene 200",-1,0,0,0,0,0,0,1,0,1,0,0,0,0,0,0,0,0,0,0,1,0,-1,0,0,0,0,0,0,0,0,0,0,1,0,0,-1,0,1,0,0,0,0,0,0,1,0,0,0,0,0,0,0,1,0,0,0,-1,0,0,0,1,1,0,0,-1,0,0,-1,0,0,-1,-1,-1,0,0,0,0,0,0,0,0,0,0,-1,0,0,0,-1,0,0,0,1,0,0,-1,1,1,0,0,0,0,-1,0,0,0,-1,1,0,0,0,0,-1,1,-1,0,1,0,0,0,0,1,0,0,0,0,0,0,1,0,0,0,0,1,0,0,0,0,0,0,0,0,0,0,0,0,0,0,0,0,0,1,0,0,0,1,0,-1,0,0,0,1,0,0,0,0,0,1,0,0,-1,0,0,0,0,-1,0,0,0,0,0,0,0,0,0,0,1,0,0,0,0,0,0,1,0,1,0,0,0,0
